,CHAMP1,CHAMP2,Year,Season,Team,CHAMP1_POS,CHAMP2_POS,Total_Played,Wins
0,Irelia,RekSai,2015,Spring,blue,Top,Jungle,9,5
1,Gnar,Rengar,2015,Spring,blue,Top,Jungle,5,1
2,Renekton,Rengar,2015,Spring,blue,Top,Jungle,1,1
3,Irelia,JarvanIV,2015,Spring,blue,Top,Jungle,16,6
4,Gnar,JarvanIV,2015,Spring,blue,Top,Jungle,27,13
5,Kassadin,Rengar,2015,Spring,blue,Top,Jungle,1,0
6,Renekton,JarvanIV,2015,Spring,blue,Top,Jungle,5,3
7,Sion,RekSai,2015,Spring,blue,Top,Jungle,5,1
8,Irelia,Nocturne,2015,Spring,blue,Top,Jungle,1,1
9,Jax,JarvanIV,2015,Spring,blue,Top,Jungle,4,2
10,Irelia,Vi,2015,Spring,blue,Top,Jungle,2,2
11,Lulu,LeeSin,2015,Spring,blue,Top,Jungle,7,4
12,Maokai,JarvanIV,2015,Spring,blue,Top,Jungle,22,16
13,Rumble,Vi,2015,Spring,blue,Top,Jungle,5,5
14,Lissandra,JarvanIV,2015,Spring,blue,Top,Jungle,14,8
15,Gnar,LeeSin,2015,Spring,blue,Top,Jungle,12,7
16,Sion,Rengar,2015,Spring,blue,Top,Jungle,1,0
17,Lulu,RekSai,2015,Spring,blue,Top,Jungle,11,5
18,Maokai,Vi,2015,Spring,blue,Top,Jungle,10,5
19,RekSai,Vi,2015,Spring,blue,Top,Jungle,1,0
20,Lissandra,RekSai,2015,Spring,blue,Top,Jungle,8,6
21,Lissandra,LeeSin,2015,Spring,blue,Top,Jungle,8,5
22,Jax,RekSai,2015,Spring,blue,Top,Jungle,3,1
23,Sion,Vi,2015,Spring,blue,Top,Jungle,2,2
24,Lissandra,Vi,2015,Spring,blue,Top,Jungle,2,2
25,Maokai,RekSai,2015,Spring,blue,Top,Jungle,30,22
26,Gnar,Vi,2015,Spring,blue,Top,Jungle,1,0
27,Renekton,LeeSin,2015,Spring,blue,Top,Jungle,2,1
28,Fizz,RekSai,2015,Spring,blue,Top,Jungle,3,1
29,Gnar,RekSai,2015,Spring,blue,Top,Jungle,21,12
30,Maokai,Nidalee,2015,Spring,blue,Top,Jungle,13,9
31,Rumble,RekSai,2015,Spring,blue,Top,Jungle,16,12
32,Morgana,RekSai,2015,Spring,blue,Top,Jungle,2,2
33,Kennen,RekSai,2015,Spring,blue,Top,Jungle,8,5
34,Morgana,LeeSin,2015,Spring,blue,Top,Jungle,4,3
35,Rumble,Nidalee,2015,Spring,blue,Top,Jungle,2,1
36,Gragas,RekSai,2015,Spring,blue,Top,Jungle,1,1
37,Lissandra,Sejuani,2015,Spring,blue,Top,Jungle,3,2
38,Kennen,JarvanIV,2015,Spring,blue,Top,Jungle,3,0
39,Kennen,LeeSin,2015,Spring,blue,Top,Jungle,2,2
40,Kennen,Vi,2015,Spring,blue,Top,Jungle,2,2
41,Irelia,Gragas,2015,Spring,blue,Top,Jungle,2,1
42,DrMundo,RekSai,2015,Spring,blue,Top,Jungle,4,0
43,Lulu,Sejuani,2015,Spring,blue,Top,Jungle,5,2
44,Sion,Zac,2015,Spring,blue,Top,Jungle,1,0
45,Vladimir,Sejuani,2015,Spring,blue,Top,Jungle,1,1
46,Hecarim,Nidalee,2015,Spring,blue,Top,Jungle,2,1
47,Lissandra,Gragas,2015,Spring,blue,Top,Jungle,1,0
48,Irelia,Nunu,2015,Spring,blue,Top,Jungle,2,0
49,Sion,Nidalee,2015,Spring,blue,Top,Jungle,3,2
50,Sion,LeeSin,2015,Spring,blue,Top,Jungle,4,3
51,Kennen,Zac,2015,Spring,blue,Top,Jungle,1,0
52,Rumble,Nunu,2015,Spring,blue,Top,Jungle,4,4
53,Hecarim,RekSai,2015,Spring,blue,Top,Jungle,11,4
54,Maokai,Zac,2015,Spring,blue,Top,Jungle,1,1
55,Vladimir,LeeSin,2015,Spring,blue,Top,Jungle,1,0
56,Lulu,Nunu,2015,Spring,blue,Top,Jungle,1,1
57,Rumble,JarvanIV,2015,Spring,blue,Top,Jungle,21,12
58,Hecarim,LeeSin,2015,Spring,blue,Top,Jungle,2,1
59,Shyvana,Nunu,2015,Spring,blue,Top,Jungle,3,1
60,Hecarim,Gragas,2015,Spring,blue,Top,Jungle,4,2
61,Hecarim,Nunu,2015,Spring,blue,Top,Jungle,4,3
62,Hecarim,Sejuani,2015,Spring,blue,Top,Jungle,7,5
63,Lulu,Nidalee,2015,Spring,blue,Top,Jungle,3,2
64,Kennen,Nunu,2015,Spring,blue,Top,Jungle,1,0
65,Gnar,Gragas,2015,Spring,blue,Top,Jungle,3,1
66,Rumble,Sejuani,2015,Spring,blue,Top,Jungle,4,3
67,Sion,Gragas,2015,Spring,blue,Top,Jungle,5,3
68,Gnar,Sejuani,2015,Spring,blue,Top,Jungle,9,5
69,Lulu,Gragas,2015,Spring,blue,Top,Jungle,1,0
70,Maokai,Gragas,2015,Spring,blue,Top,Jungle,5,4
71,Maokai,Sejuani,2015,Spring,blue,Top,Jungle,10,7
72,Vladimir,Zac,2015,Spring,blue,Top,Jungle,1,0
73,Jax,Elise,2015,Spring,blue,Top,Jungle,2,2
74,Cassiopeia,LeeSin,2015,Spring,blue,Top,Jungle,1,0
75,Jax,Vi,2015,Spring,blue,Top,Jungle,1,1
76,Azir,LeeSin,2015,Spring,blue,Top,Jungle,1,1
77,Rumble,Olaf,2015,Spring,blue,Top,Jungle,1,1
78,Azir,JarvanIV,2015,Spring,blue,Top,Jungle,2,1
79,Lissandra,Rengar,2015,Spring,blue,Top,Jungle,3,3
80,Cassiopeia,JarvanIV,2015,Spring,blue,Top,Jungle,2,0
81,Lissandra,Elise,2015,Spring,blue,Top,Jungle,1,0
82,Gnar,Nidalee,2015,Spring,blue,Top,Jungle,7,7
83,Irelia,LeeSin,2015,Spring,blue,Top,Jungle,6,2
84,Rumble,Rengar,2015,Spring,blue,Top,Jungle,4,1
85,Kassadin,LeeSin,2015,Spring,blue,Top,Jungle,5,1
86,Kennen,Nidalee,2015,Spring,blue,Top,Jungle,1,0
87,Morgana,Nidalee,2015,Spring,blue,Top,Jungle,1,1
88,Rumble,LeeSin,2015,Spring,blue,Top,Jungle,9,3
89,Lissandra,Nidalee,2015,Spring,blue,Top,Jungle,1,0
90,Maokai,Olaf,2015,Spring,blue,Top,Jungle,1,0
91,Morgana,JarvanIV,2015,Spring,blue,Top,Jungle,4,2
92,Maokai,LeeSin,2015,Spring,blue,Top,Jungle,15,7
93,Kennen,Sejuani,2015,Spring,blue,Top,Jungle,3,3
94,Morgana,Rengar,2015,Spring,blue,Top,Jungle,1,1
95,Morgana,Sejuani,2015,Spring,blue,Top,Jungle,1,1
96,Kennen,Hecarim,2015,Spring,blue,Top,Jungle,1,0
97,JarvanIV,RekSai,2015,Spring,blue,Top,Jungle,1,0
98,Maokai,Nunu,2015,Spring,blue,Top,Jungle,4,1
99,Yorick,Nunu,2015,Spring,blue,Top,Jungle,1,1
100,Renekton,RekSai,2015,Spring,blue,Top,Jungle,1,0
101,Gnar,Nunu,2015,Spring,blue,Top,Jungle,8,2
102,Fizz,Nidalee,2015,Spring,blue,Top,Jungle,2,0
103,Chogath,RekSai,2015,Spring,blue,Top,Jungle,2,2
104,Diana,Vi,2015,Spring,blue,Top,Jungle,1,0
105,Irelia,Sejuani,2015,Spring,blue,Top,Jungle,4,1
106,Sion,Udyr,2015,Spring,blue,Top,Jungle,3,3
107,Maokai,Shaco,2015,Spring,blue,Top,Jungle,1,1
108,LeeSin,Olaf,2015,Spring,blue,Top,Jungle,1,0
109,Shen,Gragas,2015,Spring,blue,Top,Jungle,1,0
110,LeeSin,Nunu,2015,Spring,blue,Top,Jungle,1,0
111,Vladimir,RekSai,2015,Spring,blue,Top,Jungle,3,1
112,Shyvana,LeeSin,2015,Spring,blue,Top,Jungle,1,1
113,Shyvana,RekSai,2015,Spring,blue,Top,Jungle,1,0
114,Rumble,Gragas,2015,Spring,blue,Top,Jungle,2,2
115,Shyvana,Sejuani,2015,Spring,blue,Top,Jungle,1,0
116,Shyvana,Gragas,2015,Spring,blue,Top,Jungle,1,1
117,Gnar,Sion,2015,Spring,blue,Top,Jungle,1,0
118,Rumble,Khazix,2015,Spring,blue,Top,Jungle,2,1
119,Rumble,Pantheon,2015,Spring,blue,Top,Jungle,1,1
120,Sion,JarvanIV,2015,Spring,blue,Top,Jungle,6,3
121,Lulu,JarvanIV,2015,Spring,blue,Top,Jungle,4,3
122,Lulu,Rengar,2015,Spring,blue,Top,Jungle,2,1
123,DrMundo,LeeSin,2015,Spring,blue,Top,Jungle,4,2
124,Kassadin,JarvanIV,2015,Spring,blue,Top,Jungle,5,4
125,Maokai,Khazix,2015,Spring,blue,Top,Jungle,4,0
126,Hecarim,Rengar,2015,Spring,blue,Top,Jungle,1,0
127,Nidalee,Vi,2015,Spring,blue,Top,Jungle,1,1
128,Hecarim,Udyr,2015,Spring,blue,Top,Jungle,1,1
129,Sion,Nunu,2015,Spring,blue,Top,Jungle,2,2
130,Nautilus,JarvanIV,2015,Spring,blue,Top,Jungle,1,0
131,Morgana,Gragas,2015,Spring,blue,Top,Jungle,1,0
132,Gnar,Nautilus,2015,Spring,blue,Top,Jungle,2,1
133,Hecarim,JarvanIV,2015,Spring,blue,Top,Jungle,5,2
134,Cassiopeia,Vi,2015,Spring,blue,Top,Jungle,1,0
135,RekSai,Rengar,2015,Spring,blue,Top,Jungle,1,0
136,Irelia,Nidalee,2015,Spring,blue,Top,Jungle,1,1
137,Hecarim,Vi,2015,Spring,blue,Top,Jungle,1,1
138,Yorick,RekSai,2015,Spring,blue,Top,Jungle,1,0
139,Vladimir,JarvanIV,2015,Spring,blue,Top,Jungle,1,0
140,Shyvana,JarvanIV,2015,Spring,blue,Top,Jungle,1,0
141,Kennen,Gragas,2015,Spring,blue,Top,Jungle,1,1
142,Renekton,Olaf,2015,Spring,blue,Top,Jungle,1,0
143,Jax,LeeSin,2015,Spring,blue,Top,Jungle,1,1
144,Cassiopeia,Rengar,2015,Spring,blue,Top,Jungle,1,1
145,Lissandra,Pantheon,2015,Spring,blue,Top,Jungle,1,0
146,Renekton,Sejuani,2015,Spring,blue,Top,Jungle,1,1
147,Gnar,Pantheon,2015,Spring,blue,Top,Jungle,2,0
148,Malphite,Pantheon,2015,Spring,blue,Top,Jungle,1,0
149,Poppy,Elise,2015,Spring,blue,Top,Jungle,1,0
150,Olaf,JarvanIV,2015,Spring,blue,Top,Jungle,1,1
151,Cassiopeia,RekSai,2015,Spring,blue,Top,Jungle,2,2
152,Cassiopeia,Olaf,2015,Spring,blue,Top,Jungle,1,1
153,Lissandra,Olaf,2015,Spring,blue,Top,Jungle,1,1
154,Rengar,Darius,2015,Spring,blue,Top,Jungle,1,0
155,Gnar,Zac,2015,Spring,blue,Top,Jungle,1,1
156,Hecarim,Amumu,2015,Spring,blue,Top,Jungle,1,0
157,Fizz,Gragas,2015,Spring,blue,Top,Jungle,1,1
158,Hecarim,Sion,2015,Spring,blue,Top,Jungle,1,1
159,Cassiopeia,Gragas,2015,Spring,blue,Top,Jungle,1,1
160,Sion,Sejuani,2015,Spring,blue,Top,Jungle,1,0
161,Hecarim,Nautilus,2015,Spring,blue,Top,Jungle,1,1
162,JarvanIV,LeeSin,2015,Spring,blue,Top,Jungle,1,0
163,Irelia,Rengar,2015,Spring,blue,Top,Jungle,1,0
164,DrMundo,Elise,2015,Spring,blue,Top,Jungle,1,0
165,Lulu,Khazix,2015,Spring,blue,Top,Jungle,1,1
166,Lulu,Elise,2015,Spring,blue,Top,Jungle,2,1
167,Ryze,Khazix,2015,Spring,blue,Top,Jungle,3,2
168,Nidalee,Khazix,2015,Spring,blue,Top,Jungle,1,1
169,Alistar,LeeSin,2015,Spring,blue,Top,Jungle,1,0
170,Gragas,Khazix,2015,Spring,blue,Top,Jungle,1,1
171,Nidalee,LeeSin,2015,Spring,blue,Top,Jungle,1,1
172,Katarina,Nunu,2015,Spring,blue,Top,Jungle,1,0
173,Maokai,Nocturne,2015,Spring,blue,Top,Jungle,2,2
174,Kassadin,Khazix,2015,Spring,blue,Top,Jungle,1,0
175,Gnar,Elise,2015,Spring,blue,Top,Jungle,3,1
176,Irelia,Khazix,2015,Spring,blue,Top,Jungle,2,2
177,Irelia,Rammus,2015,Spring,blue,Top,Jungle,1,0
178,Gnar,Khazix,2015,Spring,blue,Top,Jungle,2,1
179,Poppy,Khazix,2015,Spring,blue,Top,Jungle,1,1
180,Irelia,Zac,2015,Spring,blue,Top,Jungle,1,0
181,Maokai,Pantheon,2015,Spring,blue,Top,Jungle,2,0
182,Lissandra,Karthus,2015,Spring,blue,Top,Jungle,1,1
183,Maokai,Karthus,2015,Spring,blue,Top,Jungle,1,0
184,Rumble,Elise,2015,Spring,blue,Top,Jungle,2,1
185,JarvanIV,Lulu,2015,Spring,blue,Top,Jungle,1,0
186,JarvanIV,Rengar,2015,Spring,blue,Top,Jungle,1,1
187,DrMundo,Khazix,2015,Spring,blue,Top,Jungle,5,3
188,Ryze,Elise,2015,Spring,blue,Top,Jungle,1,0
189,Ryze,Nocturne,2015,Spring,blue,Top,Jungle,1,0
190,JarvanIV,Syndra,2015,Spring,blue,Top,Jungle,1,0
191,LeeSin,Jax,2015,Spring,blue,Top,Jungle,1,0
192,Maokai,Rammus,2015,Spring,blue,Top,Jungle,1,1
193,Maokai,Rengar,2015,Spring,blue,Top,Jungle,1,0
194,Jax,Pantheon,2015,Spring,blue,Top,Jungle,1,1
195,Renekton,Elise,2015,Spring,blue,Top,Jungle,1,1
196,DrMundo,JarvanIV,2015,Spring,blue,Top,Jungle,1,1
197,Irelia,Elise,2015,Spring,blue,Top,Jungle,1,0
0,RekSai,Ahri,2015,Spring,blue,Jungle,Middle,14,8
1,Rengar,Ahri,2015,Spring,blue,Jungle,Middle,3,0
2,Rengar,Fizz,2015,Spring,blue,Jungle,Middle,1,1
3,JarvanIV,Leblanc,2015,Spring,blue,Jungle,Middle,14,7
4,JarvanIV,Lissandra,2015,Spring,blue,Jungle,Middle,5,3
5,Rengar,Leblanc,2015,Spring,blue,Jungle,Middle,4,1
6,JarvanIV,Xerath,2015,Spring,blue,Jungle,Middle,18,8
7,JarvanIV,Azir,2015,Spring,blue,Jungle,Middle,4,3
8,RekSai,Orianna,2015,Spring,blue,Jungle,Middle,5,2
9,Nocturne,Orianna,2015,Spring,blue,Jungle,Middle,2,2
10,JarvanIV,Kassadin,2015,Spring,blue,Jungle,Middle,12,8
11,Vi,Lissandra,2015,Spring,blue,Jungle,Middle,7,6
12,LeeSin,Xerath,2015,Spring,blue,Jungle,Middle,14,9
13,Vi,Zed,2015,Spring,blue,Jungle,Middle,3,3
14,LeeSin,Leblanc,2015,Spring,blue,Jungle,Middle,15,11
15,RekSai,Corki,2015,Spring,blue,Jungle,Middle,1,0
16,Vi,Kassadin,2015,Spring,blue,Jungle,Middle,3,2
17,Vi,Azir,2015,Spring,blue,Jungle,Middle,1,0
18,RekSai,Xerath,2015,Spring,blue,Jungle,Middle,7,4
19,Vi,Leblanc,2015,Spring,blue,Jungle,Middle,3,2
20,LeeSin,Ezreal,2015,Spring,blue,Jungle,Middle,2,1
21,Vi,Ezreal,2015,Spring,blue,Jungle,Middle,1,0
22,RekSai,Lissandra,2015,Spring,blue,Jungle,Middle,14,10
23,Vi,Ahri,2015,Spring,blue,Jungle,Middle,7,6
24,RekSai,Leblanc,2015,Spring,blue,Jungle,Middle,20,12
25,RekSai,Kassadin,2015,Spring,blue,Jungle,Middle,10,7
26,LeeSin,Kassadin,2015,Spring,blue,Jungle,Middle,8,5
27,Nidalee,Zed,2015,Spring,blue,Jungle,Middle,4,4
28,RekSai,Zed,2015,Spring,blue,Jungle,Middle,14,9
29,RekSai,Lulu,2015,Spring,blue,Jungle,Middle,13,5
30,JarvanIV,Syndra,2015,Spring,blue,Jungle,Middle,8,3
31,JarvanIV,Ezreal,2015,Spring,blue,Jungle,Middle,10,8
32,Nidalee,Ezreal,2015,Spring,blue,Jungle,Middle,5,2
33,Sejuani,Viktor,2015,Spring,blue,Jungle,Middle,1,0
34,JarvanIV,Viktor,2015,Spring,blue,Jungle,Middle,2,1
35,LeeSin,Karthus,2015,Spring,blue,Jungle,Middle,2,1
36,JarvanIV,Zed,2015,Spring,blue,Jungle,Middle,13,8
37,Sejuani,Kennen,2015,Spring,blue,Jungle,Middle,2,2
38,Nidalee,Lissandra,2015,Spring,blue,Jungle,Middle,2,2
39,JarvanIV,Lulu,2015,Spring,blue,Jungle,Middle,8,5
40,Gragas,Chogath,2015,Spring,blue,Jungle,Middle,2,0
41,RekSai,Cassiopeia,2015,Spring,blue,Jungle,Middle,6,2
42,Sejuani,Karthus,2015,Spring,blue,Jungle,Middle,4,1
43,Zac,Xerath,2015,Spring,blue,Jungle,Middle,2,1
44,Sejuani,Zed,2015,Spring,blue,Jungle,Middle,8,7
45,Sejuani,Lulu,2015,Spring,blue,Jungle,Middle,2,1
46,Nidalee,Yasuo,2015,Spring,blue,Jungle,Middle,1,1
47,Gragas,Yasuo,2015,Spring,blue,Jungle,Middle,2,1
48,Nunu,Rumble,2015,Spring,blue,Jungle,Middle,1,0
49,LeeSin,Chogath,2015,Spring,blue,Jungle,Middle,1,1
50,Zac,Diana,2015,Spring,blue,Jungle,Middle,1,0
51,Nunu,Vladimir,2015,Spring,blue,Jungle,Middle,4,3
52,Zac,JarvanIV,2015,Spring,blue,Jungle,Middle,1,1
53,LeeSin,TwistedFate,2015,Spring,blue,Jungle,Middle,6,1
54,Nunu,Corki,2015,Spring,blue,Jungle,Middle,1,1
55,LeeSin,Vladimir,2015,Spring,blue,Jungle,Middle,2,1
56,RekSai,Fizz,2015,Spring,blue,Jungle,Middle,1,1
57,Gragas,Corki,2015,Spring,blue,Jungle,Middle,2,0
58,Nunu,Azir,2015,Spring,blue,Jungle,Middle,6,4
59,Sejuani,Corki,2015,Spring,blue,Jungle,Middle,2,2
60,Sejuani,Urgot,2015,Spring,blue,Jungle,Middle,3,1
61,Gragas,Lissandra,2015,Spring,blue,Jungle,Middle,2,2
62,Nidalee,Urgot,2015,Spring,blue,Jungle,Middle,1,0
63,Nunu,Karthus,2015,Spring,blue,Jungle,Middle,2,1
64,Nunu,Lulu,2015,Spring,blue,Jungle,Middle,3,1
65,Gragas,Orianna,2015,Spring,blue,Jungle,Middle,1,1
66,RekSai,Azir,2015,Spring,blue,Jungle,Middle,5,3
67,Gragas,Ahri,2015,Spring,blue,Jungle,Middle,5,4
68,Sejuani,Ziggs,2015,Spring,blue,Jungle,Middle,1,0
69,Zac,Zed,2015,Spring,blue,Jungle,Middle,1,0
70,Elise,Leblanc,2015,Spring,blue,Jungle,Middle,2,2
71,JarvanIV,Cassiopeia,2015,Spring,blue,Jungle,Middle,3,2
72,LeeSin,Ahri,2015,Spring,blue,Jungle,Middle,11,5
73,Olaf,Zed,2015,Spring,blue,Jungle,Middle,3,2
74,JarvanIV,Orianna,2015,Spring,blue,Jungle,Middle,9,3
75,Rengar,Xerath,2015,Spring,blue,Jungle,Middle,2,2
76,JarvanIV,Ahri,2015,Spring,blue,Jungle,Middle,24,15
77,Elise,Zed,2015,Spring,blue,Jungle,Middle,5,1
78,Nidalee,Kassadin,2015,Spring,blue,Jungle,Middle,4,2
79,Rengar,Kassadin,2015,Spring,blue,Jungle,Middle,3,2
80,Rengar,Lissandra,2015,Spring,blue,Jungle,Middle,2,0
81,LeeSin,Azir,2015,Spring,blue,Jungle,Middle,1,0
82,JarvanIV,Jayce,2015,Spring,blue,Jungle,Middle,5,1
83,Nidalee,Cassiopeia,2015,Spring,blue,Jungle,Middle,4,3
84,Nidalee,Ahri,2015,Spring,blue,Jungle,Middle,3,2
85,RekSai,Ezreal,2015,Spring,blue,Jungle,Middle,4,4
86,Rengar,Zed,2015,Spring,blue,Jungle,Middle,1,1
87,Nidalee,Lulu,2015,Spring,blue,Jungle,Middle,2,2
88,Nidalee,Leblanc,2015,Spring,blue,Jungle,Middle,4,2
89,Hecarim,Diana,2015,Spring,blue,Jungle,Middle,1,0
90,RekSai,Viktor,2015,Spring,blue,Jungle,Middle,6,2
91,Nunu,Cassiopeia,2015,Spring,blue,Jungle,Middle,3,3
92,Sejuani,Kassadin,2015,Spring,blue,Jungle,Middle,4,2
93,Sejuani,Ahri,2015,Spring,blue,Jungle,Middle,5,4
94,Nunu,Ahri,2015,Spring,blue,Jungle,Middle,3,0
95,RekSai,TwistedFate,2015,Spring,blue,Jungle,Middle,4,2
96,Nidalee,Chogath,2015,Spring,blue,Jungle,Middle,2,1
97,Sejuani,Cassiopeia,2015,Spring,blue,Jungle,Middle,5,2
98,RekSai,Chogath,2015,Spring,blue,Jungle,Middle,5,2
99,Udyr,Orianna,2015,Spring,blue,Jungle,Middle,2,2
100,Udyr,KogMaw,2015,Spring,blue,Jungle,Middle,1,1
101,Shaco,Syndra,2015,Spring,blue,Jungle,Middle,1,1
102,Olaf,Chogath,2015,Spring,blue,Jungle,Middle,1,0
103,Gragas,Cassiopeia,2015,Spring,blue,Jungle,Middle,3,2
104,Nunu,Leblanc,2015,Spring,blue,Jungle,Middle,2,0
105,Gragas,Diana,2015,Spring,blue,Jungle,Middle,1,0
106,LeeSin,Zed,2015,Spring,blue,Jungle,Middle,4,2
107,LeeSin,Orianna,2015,Spring,blue,Jungle,Middle,4,2
108,Gragas,Kassadin,2015,Spring,blue,Jungle,Middle,1,1
109,Gragas,Ziggs,2015,Spring,blue,Jungle,Middle,2,1
110,Sejuani,Orianna,2015,Spring,blue,Jungle,Middle,1,1
111,Nunu,Xerath,2015,Spring,blue,Jungle,Middle,1,0
112,Nunu,Ryze,2015,Spring,blue,Jungle,Middle,1,0
113,Sion,Azir,2015,Spring,blue,Jungle,Middle,1,0
114,Khazix,Ahri,2015,Spring,blue,Jungle,Middle,4,1
115,Pantheon,Kassadin,2015,Spring,blue,Jungle,Middle,1,1
116,LeeSin,Syndra,2015,Spring,blue,Jungle,Middle,4,1
117,LeeSin,Fizz,2015,Spring,blue,Jungle,Middle,3,1
118,Rengar,Jayce,2015,Spring,blue,Jungle,Middle,2,0
119,Rengar,Orianna,2015,Spring,blue,Jungle,Middle,4,3
120,LeeSin,Lulu,2015,Spring,blue,Jungle,Middle,1,0
121,Rengar,Ezreal,2015,Spring,blue,Jungle,Middle,1,0
122,JarvanIV,Morgana,2015,Spring,blue,Jungle,Middle,1,0
123,LeeSin,Lissandra,2015,Spring,blue,Jungle,Middle,6,4
124,LeeSin,Jayce,2015,Spring,blue,Jungle,Middle,1,0
125,Nidalee,JarvanIV,2015,Spring,blue,Jungle,Middle,1,1
126,Khazix,Leblanc,2015,Spring,blue,Jungle,Middle,1,0
127,Nunu,Ezreal,2015,Spring,blue,Jungle,Middle,1,0
128,Nidalee,Xerath,2015,Spring,blue,Jungle,Middle,1,0
129,RekSai,Karthus,2015,Spring,blue,Jungle,Middle,5,2
130,Vi,Xerath,2015,Spring,blue,Jungle,Middle,2,2
131,Nidalee,Karthus,2015,Spring,blue,Jungle,Middle,1,1
132,Udyr,Diana,2015,Spring,blue,Jungle,Middle,1,1
133,LeeSin,Cassiopeia,2015,Spring,blue,Jungle,Middle,1,0
134,RekSai,Diana,2015,Spring,blue,Jungle,Middle,5,4
135,LeeSin,JarvanIV,2015,Spring,blue,Jungle,Middle,1,0
136,Sejuani,TwistedFate,2015,Spring,blue,Jungle,Middle,2,2
137,RekSai,Urgot,2015,Spring,blue,Jungle,Middle,1,0
138,Sejuani,Anivia,2015,Spring,blue,Jungle,Middle,1,1
139,JarvanIV,Karthus,2015,Spring,blue,Jungle,Middle,2,0
140,Sejuani,Leblanc,2015,Spring,blue,Jungle,Middle,1,0
141,Sejuani,Vladimir,2015,Spring,blue,Jungle,Middle,2,1
142,Nunu,Chogath,2015,Spring,blue,Jungle,Middle,3,2
143,Sejuani,Lissandra,2015,Spring,blue,Jungle,Middle,2,2
144,Gragas,Xerath,2015,Spring,blue,Jungle,Middle,2,0
145,Nautilus,Azir,2015,Spring,blue,Jungle,Middle,1,0
146,JarvanIV,Fizz,2015,Spring,blue,Jungle,Middle,1,1
147,Vi,Riven,2015,Spring,blue,Jungle,Middle,1,0
148,Rengar,Syndra,2015,Spring,blue,Jungle,Middle,1,0
149,Vi,Veigar,2015,Spring,blue,Jungle,Middle,1,0
150,LeeSin,Diana,2015,Spring,blue,Jungle,Middle,1,0
151,JarvanIV,Urgot,2015,Spring,blue,Jungle,Middle,2,0
152,Gragas,Zed,2015,Spring,blue,Jungle,Middle,1,1
153,Olaf,Orianna,2015,Spring,blue,Jungle,Middle,1,0
154,Pantheon,Ahri,2015,Spring,blue,Jungle,Middle,2,0
155,Pantheon,Orianna,2015,Spring,blue,Jungle,Middle,2,0
156,Elise,Lissandra,2015,Spring,blue,Jungle,Middle,1,0
157,Olaf,Ahri,2015,Spring,blue,Jungle,Middle,1,1
158,RekSai,Nidalee,2015,Spring,blue,Jungle,Middle,2,2
159,JarvanIV,TwistedFate,2015,Spring,blue,Jungle,Middle,1,0
160,Darius,Lulu,2015,Spring,blue,Jungle,Middle,1,0
161,Sejuani,Ezreal,2015,Spring,blue,Jungle,Middle,1,1
162,Sejuani,Xerath,2015,Spring,blue,Jungle,Middle,1,0
163,Nautilus,Ahri,2015,Spring,blue,Jungle,Middle,1,1
164,Amumu,Leblanc,2015,Spring,blue,Jungle,Middle,1,0
165,Sejuani,Diana,2015,Spring,blue,Jungle,Middle,2,1
166,Sion,Diana,2015,Spring,blue,Jungle,Middle,1,1
167,Gragas,Leblanc,2015,Spring,blue,Jungle,Middle,3,3
168,RekSai,Vladimir,2015,Spring,blue,Jungle,Middle,1,1
169,Nautilus,Cassiopeia,2015,Spring,blue,Jungle,Middle,1,1
170,Gragas,Fizz,2015,Spring,blue,Jungle,Middle,1,0
171,Gragas,TwistedFate,2015,Spring,blue,Jungle,Middle,1,1
172,JarvanIV,Diana,2015,Spring,blue,Jungle,Middle,2,1
173,Nidalee,Viktor,2015,Spring,blue,Jungle,Middle,1,1
174,Elise,Ahri,2015,Spring,blue,Jungle,Middle,2,0
175,Khazix,Orianna,2015,Spring,blue,Jungle,Middle,5,4
176,Elise,Orianna,2015,Spring,blue,Jungle,Middle,3,1
177,Khazix,Ziggs,2015,Spring,blue,Jungle,Middle,3,2
178,Khazix,Talon,2015,Spring,blue,Jungle,Middle,1,1
179,Khazix,Tristana,2015,Spring,blue,Jungle,Middle,1,1
180,Nunu,Orianna,2015,Spring,blue,Jungle,Middle,1,0
181,Elise,Syndra,2015,Spring,blue,Jungle,Middle,1,1
182,Rammus,Ziggs,2015,Spring,blue,Jungle,Middle,1,0
183,Nocturne,Xerath,2015,Spring,blue,Jungle,Middle,1,1
184,Khazix,Syndra,2015,Spring,blue,Jungle,Middle,2,0
185,Khazix,Fizz,2015,Spring,blue,Jungle,Middle,2,2
186,Zac,Leblanc,2015,Spring,blue,Jungle,Middle,1,0
187,Pantheon,Zed,2015,Spring,blue,Jungle,Middle,2,0
188,JarvanIV,Ziggs,2015,Spring,blue,Jungle,Middle,1,0
189,Karthus,Zed,2015,Spring,blue,Jungle,Middle,2,1
190,Lulu,TwistedFate,2015,Spring,blue,Jungle,Middle,1,0
191,Khazix,Yasuo,2015,Spring,blue,Jungle,Middle,1,1
192,Nocturne,Zed,2015,Spring,blue,Jungle,Middle,1,0
193,Khazix,Ryze,2015,Spring,blue,Jungle,Middle,1,0
194,Vi,Jayce,2015,Spring,blue,Jungle,Middle,1,0
195,Elise,Xerath,2015,Spring,blue,Jungle,Middle,1,1
196,Syndra,Draven,2015,Spring,blue,Jungle,Middle,1,0
197,Khazix,Jayce,2015,Spring,blue,Jungle,Middle,1,1
198,Jax,Orianna,2015,Spring,blue,Jungle,Middle,1,0
199,Rammus,Ahri,2015,Spring,blue,Jungle,Middle,1,1
200,Pantheon,Leblanc,2015,Spring,blue,Jungle,Middle,1,1
201,Khazix,Zed,2015,Spring,blue,Jungle,Middle,1,0
0,RekSai,Janna,2015,Spring,blue,Jungle,Support,29,20
1,Rengar,Leona,2015,Spring,blue,Jungle,Support,5,1
2,Rengar,Annie,2015,Spring,blue,Jungle,Support,4,3
3,JarvanIV,Thresh,2015,Spring,blue,Jungle,Support,25,14
4,JarvanIV,Janna,2015,Spring,blue,Jungle,Support,41,21
5,JarvanIV,Annie,2015,Spring,blue,Jungle,Support,20,14
6,Nocturne,Nami,2015,Spring,blue,Jungle,Support,2,1
7,JarvanIV,Morgana,2015,Spring,blue,Jungle,Support,14,8
8,Vi,Annie,2015,Spring,blue,Jungle,Support,6,5
9,LeeSin,Janna,2015,Spring,blue,Jungle,Support,19,10
10,Vi,Morgana,2015,Spring,blue,Jungle,Support,7,6
11,JarvanIV,Nami,2015,Spring,blue,Jungle,Support,13,5
12,LeeSin,Nami,2015,Spring,blue,Jungle,Support,9,5
13,Rengar,Janna,2015,Spring,blue,Jungle,Support,11,6
14,RekSai,Morgana,2015,Spring,blue,Jungle,Support,21,11
15,Vi,Thresh,2015,Spring,blue,Jungle,Support,9,6
16,RekSai,Nami,2015,Spring,blue,Jungle,Support,13,8
17,LeeSin,Alistar,2015,Spring,blue,Jungle,Support,2,2
18,Vi,Janna,2015,Spring,blue,Jungle,Support,4,2
19,RekSai,Thresh,2015,Spring,blue,Jungle,Support,29,16
20,JarvanIV,Braum,2015,Spring,blue,Jungle,Support,4,0
21,RekSai,Leona,2015,Spring,blue,Jungle,Support,12,8
22,LeeSin,Annie,2015,Spring,blue,Jungle,Support,9,5
23,RekSai,Annie,2015,Spring,blue,Jungle,Support,13,6
24,Nidalee,Veigar,2015,Spring,blue,Jungle,Support,1,1
25,RekSai,Braum,2015,Spring,blue,Jungle,Support,6,3
26,RekSai,Veigar,2015,Spring,blue,Jungle,Support,2,2
27,Nidalee,Morgana,2015,Spring,blue,Jungle,Support,3,2
28,LeeSin,Leona,2015,Spring,blue,Jungle,Support,10,6
29,Nidalee,Braum,2015,Spring,blue,Jungle,Support,1,0
30,Sejuani,Janna,2015,Spring,blue,Jungle,Support,16,7
31,JarvanIV,Leona,2015,Spring,blue,Jungle,Support,12,5
32,Sejuani,Morgana,2015,Spring,blue,Jungle,Support,4,2
33,Nidalee,Annie,2015,Spring,blue,Jungle,Support,8,6
34,Gragas,Leona,2015,Spring,blue,Jungle,Support,2,1
35,RekSai,Lulu,2015,Spring,blue,Jungle,Support,8,4
36,Zac,Janna,2015,Spring,blue,Jungle,Support,2,0
37,Sejuani,Thresh,2015,Spring,blue,Jungle,Support,12,11
38,Nidalee,Thresh,2015,Spring,blue,Jungle,Support,6,5
39,Gragas,Alistar,2015,Spring,blue,Jungle,Support,1,0
40,Nunu,Morgana,2015,Spring,blue,Jungle,Support,3,1
41,Nidalee,Nautilus,2015,Spring,blue,Jungle,Support,2,2
42,RekSai,Nautilus,2015,Spring,blue,Jungle,Support,3,0
43,LeeSin,Lulu,2015,Spring,blue,Jungle,Support,2,1
44,Vi,Nautilus,2015,Spring,blue,Jungle,Support,1,1
45,Zac,Thresh,2015,Spring,blue,Jungle,Support,1,0
46,Nunu,Thresh,2015,Spring,blue,Jungle,Support,4,2
47,RekSai,Alistar,2015,Spring,blue,Jungle,Support,4,3
48,Zac,Morgana,2015,Spring,blue,Jungle,Support,1,1
49,LeeSin,Nautilus,2015,Spring,blue,Jungle,Support,3,1
50,Nunu,Janna,2015,Spring,blue,Jungle,Support,5,3
51,JarvanIV,Alistar,2015,Spring,blue,Jungle,Support,2,1
52,Gragas,Morgana,2015,Spring,blue,Jungle,Support,2,0
53,Nunu,Alistar,2015,Spring,blue,Jungle,Support,7,5
54,Sejuani,Nautilus,2015,Spring,blue,Jungle,Support,5,3
55,Gragas,Nautilus,2015,Spring,blue,Jungle,Support,6,5
56,Nidalee,Janna,2015,Spring,blue,Jungle,Support,8,6
57,Nunu,Nautilus,2015,Spring,blue,Jungle,Support,6,2
58,Gragas,Thresh,2015,Spring,blue,Jungle,Support,8,5
59,Gragas,Nami,2015,Spring,blue,Jungle,Support,2,1
60,Sejuani,Kennen,2015,Spring,blue,Jungle,Support,3,3
61,Zac,Nautilus,2015,Spring,blue,Jungle,Support,1,0
62,Elise,Thresh,2015,Spring,blue,Jungle,Support,5,3
63,JarvanIV,Lulu,2015,Spring,blue,Jungle,Support,4,3
64,Olaf,Annie,2015,Spring,blue,Jungle,Support,1,1
65,RekSai,Blitzcrank,2015,Spring,blue,Jungle,Support,1,1
66,Elise,Leona,2015,Spring,blue,Jungle,Support,2,0
67,Olaf,Thresh,2015,Spring,blue,Jungle,Support,2,0
68,LeeSin,Blitzcrank,2015,Spring,blue,Jungle,Support,2,1
69,Nidalee,Leona,2015,Spring,blue,Jungle,Support,2,1
70,Nidalee,Lulu,2015,Spring,blue,Jungle,Support,2,1
71,LeeSin,Thresh,2015,Spring,blue,Jungle,Support,17,8
72,Hecarim,Lulu,2015,Spring,blue,Jungle,Support,1,0
73,Sejuani,Lulu,2015,Spring,blue,Jungle,Support,1,0
74,Nunu,Annie,2015,Spring,blue,Jungle,Support,5,2
75,Sejuani,Nami,2015,Spring,blue,Jungle,Support,3,2
76,Sejuani,Braum,2015,Spring,blue,Jungle,Support,1,0
77,Udyr,Morgana,2015,Spring,blue,Jungle,Support,4,4
78,Shaco,Thresh,2015,Spring,blue,Jungle,Support,1,1
79,Gragas,Annie,2015,Spring,blue,Jungle,Support,4,3
80,Sion,Morgana,2015,Spring,blue,Jungle,Support,1,0
81,Khazix,Braum,2015,Spring,blue,Jungle,Support,6,2
82,Pantheon,Thresh,2015,Spring,blue,Jungle,Support,3,2
83,Rengar,Morgana,2015,Spring,blue,Jungle,Support,1,0
84,LeeSin,Braum,2015,Spring,blue,Jungle,Support,4,2
85,LeeSin,Morgana,2015,Spring,blue,Jungle,Support,6,3
86,Rengar,Thresh,2015,Spring,blue,Jungle,Support,1,0
87,LeeSin,Veigar,2015,Spring,blue,Jungle,Support,1,0
88,JarvanIV,Karma,2015,Spring,blue,Jungle,Support,2,2
89,Khazix,Leona,2015,Spring,blue,Jungle,Support,1,0
90,JarvanIV,Veigar,2015,Spring,blue,Jungle,Support,2,2
91,Vi,Leona,2015,Spring,blue,Jungle,Support,1,1
92,LeeSin,Irelia,2015,Spring,blue,Jungle,Support,1,0
93,Nidalee,Nami,2015,Spring,blue,Jungle,Support,3,0
94,Sejuani,Alistar,2015,Spring,blue,Jungle,Support,4,3
95,Gragas,Janna,2015,Spring,blue,Jungle,Support,4,2
96,RekSai,Kennen,2015,Spring,blue,Jungle,Support,1,0
97,Nautilus,Kennen,2015,Spring,blue,Jungle,Support,1,0
98,LeeSin,Sona,2015,Spring,blue,Jungle,Support,2,0
99,Nunu,Nami,2015,Spring,blue,Jungle,Support,2,0
100,Vi,Lulu,2015,Spring,blue,Jungle,Support,1,0
101,JarvanIV,Nautilus,2015,Spring,blue,Jungle,Support,1,0
102,Olaf,Nami,2015,Spring,blue,Jungle,Support,2,1
103,Pantheon,Morgana,2015,Spring,blue,Jungle,Support,2,0
104,Pantheon,Janna,2015,Spring,blue,Jungle,Support,1,0
105,JarvanIV,Blitzcrank,2015,Spring,blue,Jungle,Support,1,0
106,Olaf,Janna,2015,Spring,blue,Jungle,Support,1,1
107,Vi,Soraka,2015,Spring,blue,Jungle,Support,1,0
108,JarvanIV,Soraka,2015,Spring,blue,Jungle,Support,2,1
109,Darius,Blitzcrank,2015,Spring,blue,Jungle,Support,1,0
110,RekSai,Velkoz,2015,Spring,blue,Jungle,Support,1,0
111,Zac,Nami,2015,Spring,blue,Jungle,Support,1,1
112,Nautilus,Lulu,2015,Spring,blue,Jungle,Support,1,1
113,Amumu,Nami,2015,Spring,blue,Jungle,Support,1,0
114,Sion,Thresh,2015,Spring,blue,Jungle,Support,1,1
115,Sejuani,Bard,2015,Spring,blue,Jungle,Support,1,0
116,Nautilus,Thresh,2015,Spring,blue,Jungle,Support,1,1
117,Rengar,Lulu,2015,Spring,blue,Jungle,Support,1,0
118,Elise,Braum,2015,Spring,blue,Jungle,Support,2,1
119,Khazix,Alistar,2015,Spring,blue,Jungle,Support,2,2
120,Elise,Nami,2015,Spring,blue,Jungle,Support,2,0
121,Khazix,Nami,2015,Spring,blue,Jungle,Support,6,3
122,Khazix,Thresh,2015,Spring,blue,Jungle,Support,2,2
123,Nocturne,Janna,2015,Spring,blue,Jungle,Support,1,1
124,Khazix,Janna,2015,Spring,blue,Jungle,Support,3,2
125,Rammus,Braum,2015,Spring,blue,Jungle,Support,1,0
126,Nocturne,Braum,2015,Spring,blue,Jungle,Support,1,1
127,Karthus,Thresh,2015,Spring,blue,Jungle,Support,1,1
128,Karthus,Janna,2015,Spring,blue,Jungle,Support,1,0
129,Elise,Janna,2015,Spring,blue,Jungle,Support,2,0
130,LeeSin,Soraka,2015,Spring,blue,Jungle,Support,1,1
131,Lulu,Janna,2015,Spring,blue,Jungle,Support,1,0
132,Khazix,Zilean,2015,Spring,blue,Jungle,Support,1,1
133,Syndra,DrMundo,2015,Spring,blue,Jungle,Support,1,0
134,Jax,Thresh,2015,Spring,blue,Jungle,Support,1,0
135,JarvanIV,Sona,2015,Spring,blue,Jungle,Support,2,1
136,Khazix,Sona,2015,Spring,blue,Jungle,Support,2,1
137,Rammus,Nami,2015,Spring,blue,Jungle,Support,1,1
138,Rengar,Nami,2015,Spring,blue,Jungle,Support,1,0
139,Elise,Alistar,2015,Spring,blue,Jungle,Support,2,2
140,Pantheon,Sona,2015,Spring,blue,Jungle,Support,2,0
0,Jinx,Janna,2015,Spring,blue,ADC,Support,8,5
1,Caitlyn,Leona,2015,Spring,blue,ADC,Support,1,0
2,Sivir,Annie,2015,Spring,blue,ADC,Support,19,15
3,Sivir,Thresh,2015,Spring,blue,ADC,Support,28,15
4,Tristana,Janna,2015,Spring,blue,ADC,Support,6,4
5,Corki,Janna,2015,Spring,blue,ADC,Support,32,15
6,Caitlyn,Annie,2015,Spring,blue,ADC,Support,6,5
7,KogMaw,Janna,2015,Spring,blue,ADC,Support,5,2
8,Sivir,Nami,2015,Spring,blue,ADC,Support,5,4
9,Corki,Morgana,2015,Spring,blue,ADC,Support,13,7
10,Graves,Morgana,2015,Spring,blue,ADC,Support,9,5
11,Kalista,Annie,2015,Spring,blue,ADC,Support,11,7
12,Caitlyn,Morgana,2015,Spring,blue,ADC,Support,6,4
13,KogMaw,Nami,2015,Spring,blue,ADC,Support,9,3
14,Tristana,Morgana,2015,Spring,blue,ADC,Support,5,2
15,Sivir,Janna,2015,Spring,blue,ADC,Support,25,14
16,Kalista,Morgana,2015,Spring,blue,ADC,Support,5,3
17,Graves,Annie,2015,Spring,blue,ADC,Support,14,7
18,Corki,Thresh,2015,Spring,blue,ADC,Support,23,14
19,Vayne,Nami,2015,Spring,blue,ADC,Support,2,1
20,Sivir,Alistar,2015,Spring,blue,ADC,Support,7,6
21,Vayne,Annie,2015,Spring,blue,ADC,Support,2,0
22,Kalista,Thresh,2015,Spring,blue,ADC,Support,23,17
23,Draven,Thresh,2015,Spring,blue,ADC,Support,1,0
24,Graves,Braum,2015,Spring,blue,ADC,Support,3,1
25,Graves,Leona,2015,Spring,blue,ADC,Support,12,6
26,Jinx,Morgana,2015,Spring,blue,ADC,Support,7,5
27,Graves,Thresh,2015,Spring,blue,ADC,Support,19,13
28,Corki,Annie,2015,Spring,blue,ADC,Support,12,7
29,Corki,Veigar,2015,Spring,blue,ADC,Support,2,2
30,Lucian,Morgana,2015,Spring,blue,ADC,Support,8,2
31,Corki,Braum,2015,Spring,blue,ADC,Support,6,3
32,Graves,Janna,2015,Spring,blue,ADC,Support,21,10
33,Graves,Nami,2015,Spring,blue,ADC,Support,5,2
34,Graves,Veigar,2015,Spring,blue,ADC,Support,3,3
35,Tristana,Braum,2015,Spring,blue,ADC,Support,2,1
36,Sivir,Morgana,2015,Spring,blue,ADC,Support,9,8
37,Corki,Leona,2015,Spring,blue,ADC,Support,15,7
38,Jinx,Braum,2015,Spring,blue,ADC,Support,2,0
39,Lucian,Leona,2015,Spring,blue,ADC,Support,3,1
40,Kalista,Janna,2015,Spring,blue,ADC,Support,11,5
41,Lucian,Lulu,2015,Spring,blue,ADC,Support,6,3
42,Lucian,Janna,2015,Spring,blue,ADC,Support,21,14
43,KogMaw,Alistar,2015,Spring,blue,ADC,Support,2,0
44,Caitlyn,Nautilus,2015,Spring,blue,ADC,Support,1,1
45,Twitch,Nautilus,2015,Spring,blue,ADC,Support,1,0
46,Sivir,Lulu,2015,Spring,blue,ADC,Support,5,1
47,Lucian,Nautilus,2015,Spring,blue,ADC,Support,5,3
48,Kalista,Alistar,2015,Spring,blue,ADC,Support,2,1
49,Draven,Morgana,2015,Spring,blue,ADC,Support,3,1
50,Sivir,Nautilus,2015,Spring,blue,ADC,Support,7,5
51,Urgot,Nautilus,2015,Spring,blue,ADC,Support,7,3
52,Sivir,Leona,2015,Spring,blue,ADC,Support,11,6
53,Twitch,Thresh,2015,Spring,blue,ADC,Support,1,1
54,Vayne,Janna,2015,Spring,blue,ADC,Support,4,2
55,Jinx,Nami,2015,Spring,blue,ADC,Support,2,1
56,Corki,Kennen,2015,Spring,blue,ADC,Support,1,1
57,Draven,Annie,2015,Spring,blue,ADC,Support,1,1
58,Graves,Lulu,2015,Spring,blue,ADC,Support,4,4
59,Ezreal,Lulu,2015,Spring,blue,ADC,Support,1,0
60,Graves,Blitzcrank,2015,Spring,blue,ADC,Support,1,1
61,Kalista,Leona,2015,Spring,blue,ADC,Support,2,1
62,Caitlyn,Nami,2015,Spring,blue,ADC,Support,5,0
63,Caitlyn,Lulu,2015,Spring,blue,ADC,Support,1,0
64,Kalista,Blitzcrank,2015,Spring,blue,ADC,Support,2,1
65,Jinx,Thresh,2015,Spring,blue,ADC,Support,9,6
66,Kalista,Lulu,2015,Spring,blue,ADC,Support,1,1
67,Corki,Nami,2015,Spring,blue,ADC,Support,14,9
68,Kalista,Nami,2015,Spring,blue,ADC,Support,1,1
69,Lucian,Nami,2015,Spring,blue,ADC,Support,10,6
70,Urgot,Janna,2015,Spring,blue,ADC,Support,1,1
71,Lucian,Thresh,2015,Spring,blue,ADC,Support,12,5
72,KogMaw,Annie,2015,Spring,blue,ADC,Support,1,0
73,Ezreal,Thresh,2015,Spring,blue,ADC,Support,3,1
74,Tristana,Nami,2015,Spring,blue,ADC,Support,6,1
75,Corki,Lulu,2015,Spring,blue,ADC,Support,2,0
76,KogMaw,Morgana,2015,Spring,blue,ADC,Support,3,1
77,Urgot,Thresh,2015,Spring,blue,ADC,Support,3,3
78,Urgot,Alistar,2015,Spring,blue,ADC,Support,5,4
79,Jinx,Nautilus,2015,Spring,blue,ADC,Support,2,0
80,Lucian,Annie,2015,Spring,blue,ADC,Support,1,1
81,Corki,Alistar,2015,Spring,blue,ADC,Support,2,2
82,Kalista,Braum,2015,Spring,blue,ADC,Support,1,0
83,Twitch,Morgana,2015,Spring,blue,ADC,Support,1,0
84,Sivir,Braum,2015,Spring,blue,ADC,Support,5,1
85,Sivir,Veigar,2015,Spring,blue,ADC,Support,1,0
86,Ezreal,Janna,2015,Spring,blue,ADC,Support,7,4
87,Sivir,Karma,2015,Spring,blue,ADC,Support,1,1
88,Caitlyn,Janna,2015,Spring,blue,ADC,Support,6,4
89,Draven,Janna,2015,Spring,blue,ADC,Support,1,0
90,Ezreal,Leona,2015,Spring,blue,ADC,Support,2,2
91,KogMaw,Thresh,2015,Spring,blue,ADC,Support,4,2
92,Kalista,Irelia,2015,Spring,blue,ADC,Support,1,0
93,Kalista,Nautilus,2015,Spring,blue,ADC,Support,3,2
94,Twitch,Alistar,2015,Spring,blue,ADC,Support,1,0
95,Kalista,Kennen,2015,Spring,blue,ADC,Support,1,1
96,Graves,Kennen,2015,Spring,blue,ADC,Support,2,0
97,Ezreal,Braum,2015,Spring,blue,ADC,Support,2,0
98,Graves,Sona,2015,Spring,blue,ADC,Support,1,0
99,Tristana,Thresh,2015,Spring,blue,ADC,Support,3,1
100,Corki,Karma,2015,Spring,blue,ADC,Support,1,1
101,Urgot,Kennen,2015,Spring,blue,ADC,Support,1,1
102,Graves,Nautilus,2015,Spring,blue,ADC,Support,1,0
103,Urgot,Leona,2015,Spring,blue,ADC,Support,1,0
104,Corki,Nautilus,2015,Spring,blue,ADC,Support,1,0
105,Graves,Soraka,2015,Spring,blue,ADC,Support,1,0
106,Kalista,Soraka,2015,Spring,blue,ADC,Support,1,1
107,Lucian,Braum,2015,Spring,blue,ADC,Support,5,3
108,Lucian,Blitzcrank,2015,Spring,blue,ADC,Support,2,0
109,Lucian,Velkoz,2015,Spring,blue,ADC,Support,1,0
110,Jinx,Annie,2015,Spring,blue,ADC,Support,2,1
111,Jinx,Lulu,2015,Spring,blue,ADC,Support,1,1
112,Ezreal,Nami,2015,Spring,blue,ADC,Support,2,0
113,Lucian,Alistar,2015,Spring,blue,ADC,Support,1,1
114,Corki,Bard,2015,Spring,blue,ADC,Support,1,0
115,Urgot,Annie,2015,Spring,blue,ADC,Support,1,1
116,Ezreal,Alistar,2015,Spring,blue,ADC,Support,3,3
117,Tristana,Alistar,2015,Spring,blue,ADC,Support,1,1
118,Twitch,Janna,2015,Spring,blue,ADC,Support,1,1
119,Lucian,Soraka,2015,Spring,blue,ADC,Support,1,0
120,Corki,Soraka,2015,Spring,blue,ADC,Support,1,1
121,Corki,Zilean,2015,Spring,blue,ADC,Support,1,1
122,Janna,DrMundo,2015,Spring,blue,ADC,Support,1,0
123,Caitlyn,Sona,2015,Spring,blue,ADC,Support,1,1
124,Corki,Sona,2015,Spring,blue,ADC,Support,3,1
125,Lucian,Sona,2015,Spring,blue,ADC,Support,1,0
126,Sivir,Sona,2015,Spring,blue,ADC,Support,1,0
127,Ezreal,Sona,2015,Spring,blue,ADC,Support,1,0
0,Gnar,Elise,2015,Spring,red,Top,Jungle,3,1
1,Irelia,JarvanIV,2015,Spring,red,Top,Jungle,15,9
2,Sion,LeeSin,2015,Spring,red,Top,Jungle,3,1
3,Gnar,Nunu,2015,Spring,red,Top,Jungle,4,3
4,Sion,RekSai,2015,Spring,red,Top,Jungle,4,1
5,Gnar,JarvanIV,2015,Spring,red,Top,Jungle,25,9
6,Renekton,LeeSin,2015,Spring,red,Top,Jungle,2,0
7,Rumble,Rengar,2015,Spring,red,Top,Jungle,7,2
8,Kassadin,Vi,2015,Spring,red,Top,Jungle,1,1
9,Gnar,Rengar,2015,Spring,red,Top,Jungle,8,5
10,Lulu,LeeSin,2015,Spring,red,Top,Jungle,4,2
11,Gnar,RekSai,2015,Spring,red,Top,Jungle,17,5
12,Sion,JarvanIV,2015,Spring,red,Top,Jungle,9,6
13,Lulu,Rengar,2015,Spring,red,Top,Jungle,3,2
14,Maokai,LeeSin,2015,Spring,red,Top,Jungle,23,10
15,Malphite,JarvanIV,2015,Spring,red,Top,Jungle,2,0
16,Lissandra,JarvanIV,2015,Spring,red,Top,Jungle,10,6
17,Rumble,LeeSin,2015,Spring,red,Top,Jungle,15,6
18,Irelia,Vi,2015,Spring,red,Top,Jungle,4,2
19,Maokai,JarvanIV,2015,Spring,red,Top,Jungle,29,16
20,Rumble,JarvanIV,2015,Spring,red,Top,Jungle,25,9
21,Gnar,LeeSin,2015,Spring,red,Top,Jungle,6,4
22,Maokai,RekSai,2015,Spring,red,Top,Jungle,23,11
23,Maokai,Nidalee,2015,Spring,red,Top,Jungle,8,5
24,Lissandra,Vi,2015,Spring,red,Top,Jungle,4,1
25,Maokai,Vi,2015,Spring,red,Top,Jungle,13,9
26,Swain,JarvanIV,2015,Spring,red,Top,Jungle,1,0
27,Maokai,Nunu,2015,Spring,red,Top,Jungle,4,3
28,DrMundo,LeeSin,2015,Spring,red,Top,Jungle,6,0
29,Kassadin,RekSai,2015,Spring,red,Top,Jungle,3,2
30,Renekton,JarvanIV,2015,Spring,red,Top,Jungle,3,1
31,DrMundo,Nunu,2015,Spring,red,Top,Jungle,1,0
32,Hecarim,Nidalee,2015,Spring,red,Top,Jungle,2,0
33,Renekton,Vi,2015,Spring,red,Top,Jungle,1,0
34,Hecarim,RekSai,2015,Spring,red,Top,Jungle,10,5
35,Irelia,RekSai,2015,Spring,red,Top,Jungle,3,0
36,Morgana,RekSai,2015,Spring,red,Top,Jungle,3,2
37,Maokai,FiddleSticks,2015,Spring,red,Top,Jungle,1,0
38,Kennen,LeeSin,2015,Spring,red,Top,Jungle,5,1
39,Lulu,RekSai,2015,Spring,red,Top,Jungle,5,1
40,Lulu,Vi,2015,Spring,red,Top,Jungle,2,1
41,Rumble,Vi,2015,Spring,red,Top,Jungle,3,3
42,JarvanIV,RekSai,2015,Spring,red,Top,Jungle,1,0
43,Gragas,RekSai,2015,Spring,red,Top,Jungle,4,1
44,Irelia,LeeSin,2015,Spring,red,Top,Jungle,6,2
45,Rumble,Nidalee,2015,Spring,red,Top,Jungle,1,1
46,Hecarim,Zac,2015,Spring,red,Top,Jungle,2,1
47,Gragas,Vi,2015,Spring,red,Top,Jungle,1,1
48,Hecarim,Sejuani,2015,Spring,red,Top,Jungle,7,6
49,Kennen,RekSai,2015,Spring,red,Top,Jungle,5,2
50,Lulu,Nunu,2015,Spring,red,Top,Jungle,8,3
51,Kennen,Sejuani,2015,Spring,red,Top,Jungle,1,1
52,Rumble,Sejuani,2015,Spring,red,Top,Jungle,7,3
53,Renekton,RekSai,2015,Spring,red,Top,Jungle,2,1
54,Lulu,Nidalee,2015,Spring,red,Top,Jungle,3,3
55,Sion,Zac,2015,Spring,red,Top,Jungle,1,1
56,Lissandra,Gragas,2015,Spring,red,Top,Jungle,1,0
57,Lulu,Sejuani,2015,Spring,red,Top,Jungle,2,1
58,Hecarim,Vi,2015,Spring,red,Top,Jungle,3,1
59,Vladimir,Sejuani,2015,Spring,red,Top,Jungle,1,0
60,Morgana,Vi,2015,Spring,red,Top,Jungle,2,0
61,Vladimir,Vi,2015,Spring,red,Top,Jungle,1,1
62,Sion,Sejuani,2015,Spring,red,Top,Jungle,2,2
63,Maokai,Sejuani,2015,Spring,red,Top,Jungle,11,6
64,Sion,Nunu,2015,Spring,red,Top,Jungle,1,0
65,Maokai,Gragas,2015,Spring,red,Top,Jungle,7,6
66,Shyvana,Nunu,2015,Spring,red,Top,Jungle,1,1
67,Lulu,Gragas,2015,Spring,red,Top,Jungle,2,1
68,Sion,Gragas,2015,Spring,red,Top,Jungle,6,4
69,Vladimir,RekSai,2015,Spring,red,Top,Jungle,3,1
70,Shyvana,Gragas,2015,Spring,red,Top,Jungle,5,1
71,Hecarim,Nunu,2015,Spring,red,Top,Jungle,5,2
72,Lissandra,Rengar,2015,Spring,red,Top,Jungle,2,2
73,Renekton,Olaf,2015,Spring,red,Top,Jungle,1,0
74,Sion,Elise,2015,Spring,red,Top,Jungle,1,0
75,Lissandra,LeeSin,2015,Spring,red,Top,Jungle,7,1
76,Gnar,Hecarim,2015,Spring,red,Top,Jungle,1,0
77,Irelia,Rengar,2015,Spring,red,Top,Jungle,3,1
78,Gnar,Aatrox,2015,Spring,red,Top,Jungle,1,1
79,Rumble,Olaf,2015,Spring,red,Top,Jungle,1,1
80,Rumble,RekSai,2015,Spring,red,Top,Jungle,8,3
81,Maokai,Rengar,2015,Spring,red,Top,Jungle,2,1
82,Gnar,Nidalee,2015,Spring,red,Top,Jungle,4,1
83,Fizz,Nidalee,2015,Spring,red,Top,Jungle,1,1
84,Fizz,JarvanIV,2015,Spring,red,Top,Jungle,2,0
85,Azir,JarvanIV,2015,Spring,red,Top,Jungle,1,1
86,Morgana,JarvanIV,2015,Spring,red,Top,Jungle,4,2
87,Renekton,Nidalee,2015,Spring,red,Top,Jungle,1,1
88,Lissandra,RekSai,2015,Spring,red,Top,Jungle,3,1
89,Kennen,Evelynn,2015,Spring,red,Top,Jungle,1,0
90,Poppy,LeeSin,2015,Spring,red,Top,Jungle,2,1
91,Maokai,Sion,2015,Spring,red,Top,Jungle,1,1
92,Maokai,Olaf,2015,Spring,red,Top,Jungle,2,1
93,Lissandra,Sejuani,2015,Spring,red,Top,Jungle,1,0
94,Kennen,Fizz,2015,Spring,red,Top,Jungle,1,0
95,JarvanIV,Sejuani,2015,Spring,red,Top,Jungle,1,1
96,Morgana,Nidalee,2015,Spring,red,Top,Jungle,2,1
97,Trundle,LeeSin,2015,Spring,red,Top,Jungle,1,1
98,Irelia,Nidalee,2015,Spring,red,Top,Jungle,3,1
99,Yorick,Nunu,2015,Spring,red,Top,Jungle,1,0
100,Hecarim,Nautilus,2015,Spring,red,Top,Jungle,1,0
101,Shen,Gragas,2015,Spring,red,Top,Jungle,1,1
102,LeeSin,Nunu,2015,Spring,red,Top,Jungle,1,1
103,Diana,Gragas,2015,Spring,red,Top,Jungle,1,0
104,Sion,Udyr,2015,Spring,red,Top,Jungle,1,0
105,Maokai,Gnar,2015,Spring,red,Top,Jungle,1,1
106,Shyvana,RekSai,2015,Spring,red,Top,Jungle,2,1
107,Shyvana,LeeSin,2015,Spring,red,Top,Jungle,2,1
108,Irelia,Udyr,2015,Spring,red,Top,Jungle,1,0
109,Shyvana,Sejuani,2015,Spring,red,Top,Jungle,1,0
110,Hecarim,Gragas,2015,Spring,red,Top,Jungle,6,2
111,Gnar,Gragas,2015,Spring,red,Top,Jungle,5,4
112,Gnar,Sejuani,2015,Spring,red,Top,Jungle,6,2
113,Irelia,Sejuani,2015,Spring,red,Top,Jungle,1,0
114,DrMundo,JarvanIV,2015,Spring,red,Top,Jungle,4,1
115,Jayce,Elise,2015,Spring,red,Top,Jungle,2,0
116,Gnar,Pantheon,2015,Spring,red,Top,Jungle,1,1
117,Kassadin,Rengar,2015,Spring,red,Top,Jungle,1,1
118,Kassadin,LeeSin,2015,Spring,red,Top,Jungle,3,2
119,DrMundo,RekSai,2015,Spring,red,Top,Jungle,5,3
120,Rengar,LeeSin,2015,Spring,red,Top,Jungle,1,0
121,Morgana,LeeSin,2015,Spring,red,Top,Jungle,1,0
122,Hecarim,JarvanIV,2015,Spring,red,Top,Jungle,4,0
123,Hecarim,LeeSin,2015,Spring,red,Top,Jungle,5,0
124,Lulu,JarvanIV,2015,Spring,red,Top,Jungle,1,0
125,Morgana,Nunu,2015,Spring,red,Top,Jungle,1,0
126,Vladimir,JarvanIV,2015,Spring,red,Top,Jungle,1,0
127,Kennen,JarvanIV,2015,Spring,red,Top,Jungle,2,2
128,Gnar,DrMundo,2015,Spring,red,Top,Jungle,1,1
129,Rumble,Nautilus,2015,Spring,red,Top,Jungle,1,0
130,Fizz,Sejuani,2015,Spring,red,Top,Jungle,1,1
131,Trundle,RekSai,2015,Spring,red,Top,Jungle,1,0
132,Rumble,Nunu,2015,Spring,red,Top,Jungle,3,1
133,Jax,Nunu,2015,Spring,red,Top,Jungle,1,1
134,RekSai,Nidalee,2015,Spring,red,Top,Jungle,1,1
135,Azir,LeeSin,2015,Spring,red,Top,Jungle,1,1
136,Kassadin,JarvanIV,2015,Spring,red,Top,Jungle,4,2
137,Galio,JarvanIV,2015,Spring,red,Top,Jungle,1,0
138,RekSai,JarvanIV,2015,Spring,red,Top,Jungle,1,1
139,Lissandra,Khazix,2015,Spring,red,Top,Jungle,1,0
140,Hecarim,Rengar,2015,Spring,red,Top,Jungle,1,0
141,Lulu,Olaf,2015,Spring,red,Top,Jungle,1,1
142,Chogath,Vi,2015,Spring,red,Top,Jungle,1,0
143,Irelia,Olaf,2015,Spring,red,Top,Jungle,1,0
144,Fizz,LeeSin,2015,Spring,red,Top,Jungle,1,0
145,Malphite,Sejuani,2015,Spring,red,Top,Jungle,1,0
146,Gnar,Vi,2015,Spring,red,Top,Jungle,2,0
147,Jax,Khazix,2015,Spring,red,Top,Jungle,1,0
148,Jax,LeeSin,2015,Spring,red,Top,Jungle,2,0
149,Maokai,Khazix,2015,Spring,red,Top,Jungle,7,2
150,Lissandra,Olaf,2015,Spring,red,Top,Jungle,3,3
151,Gnar,MonkeyKing,2015,Spring,red,Top,Jungle,1,0
152,Morgana,Rengar,2015,Spring,red,Top,Jungle,1,1
153,Olaf,Sejuani,2015,Spring,red,Top,Jungle,1,0
154,Maokai,Warwick,2015,Spring,red,Top,Jungle,2,0
155,Malphite,Pantheon,2015,Spring,red,Top,Jungle,2,1
156,Maokai,Pantheon,2015,Spring,red,Top,Jungle,5,2
157,Fizz,RekSai,2015,Spring,red,Top,Jungle,1,1
158,Irelia,Pantheon,2015,Spring,red,Top,Jungle,3,0
159,Vladimir,Zac,2015,Spring,red,Top,Jungle,1,0
160,Gragas,Nocturne,2015,Spring,red,Top,Jungle,1,0
161,Maokai,Zac,2015,Spring,red,Top,Jungle,1,0
162,Kennen,Gragas,2015,Spring,red,Top,Jungle,1,0
163,Irelia,Maokai,2015,Spring,red,Top,Jungle,1,1
164,Cassiopeia,Gragas,2015,Spring,red,Top,Jungle,2,0
165,Rumble,Gragas,2015,Spring,red,Top,Jungle,1,0
166,Maokai,Evelynn,2015,Spring,red,Top,Jungle,1,1
167,Ryze,LeeSin,2015,Spring,red,Top,Jungle,1,0
168,Ryze,Khazix,2015,Spring,red,Top,Jungle,4,2
169,Lulu,Elise,2015,Spring,red,Top,Jungle,1,1
170,Riven,LeeSin,2015,Spring,red,Top,Jungle,1,0
171,Malphite,Khazix,2015,Spring,red,Top,Jungle,2,1
172,Sion,Rengar,2015,Spring,red,Top,Jungle,1,1
173,Malphite,LeeSin,2015,Spring,red,Top,Jungle,1,0
174,Malphite,Rengar,2015,Spring,red,Top,Jungle,1,1
175,Jayce,LeeSin,2015,Spring,red,Top,Jungle,2,2
176,Rumble,Khazix,2015,Spring,red,Top,Jungle,4,3
177,Poppy,Khazix,2015,Spring,red,Top,Jungle,1,0
178,Poppy,JarvanIV,2015,Spring,red,Top,Jungle,1,1
179,Nidalee,LeeSin,2015,Spring,red,Top,Jungle,1,0
180,Lissandra,Pantheon,2015,Spring,red,Top,Jungle,2,2
181,Lissandra,Nunu,2015,Spring,red,Top,Jungle,1,0
182,Rumble,Elise,2015,Spring,red,Top,Jungle,1,1
183,Lissandra,Elise,2015,Spring,red,Top,Jungle,1,0
184,Ryze,Elise,2015,Spring,red,Top,Jungle,1,0
185,DrMundo,Fizz,2015,Spring,red,Top,Jungle,1,1
186,Maokai,Fizz,2015,Spring,red,Top,Jungle,1,0
187,DrMundo,Elise,2015,Spring,red,Top,Jungle,2,1
188,Irelia,Khazix,2015,Spring,red,Top,Jungle,4,4
189,Maokai,Hecarim,2015,Spring,red,Top,Jungle,1,0
190,Irelia,Elise,2015,Spring,red,Top,Jungle,2,1
191,Maokai,Elise,2015,Spring,red,Top,Jungle,1,0
192,Viktor,Khazix,2015,Spring,red,Top,Jungle,1,1
193,Jax,JarvanIV,2015,Spring,red,Top,Jungle,2,2
194,Aatrox,JarvanIV,2015,Spring,red,Top,Jungle,1,1
195,Malphite,Maokai,2015,Spring,red,Top,Jungle,1,1
196,Maokai,Rammus,2015,Spring,red,Top,Jungle,1,0
197,Gnar,Lulu,2015,Spring,red,Top,Jungle,1,0
198,Jax,Pantheon,2015,Spring,red,Top,Jungle,1,1
199,Jax,Elise,2015,Spring,red,Top,Jungle,1,0
200,Kassadin,Khazix,2015,Spring,red,Top,Jungle,1,1
201,Malphite,Elise,2015,Spring,red,Top,Jungle,1,0
202,Annie,Khazix,2015,Spring,red,Top,Jungle,1,0
203,Renekton,Elise,2015,Spring,red,Top,Jungle,1,1
204,Malphite,Nocturne,2015,Spring,red,Top,Jungle,1,1
0,Elise,Fizz,2015,Spring,red,Jungle,Middle,1,0
1,JarvanIV,Azir,2015,Spring,red,Jungle,Middle,5,3
2,LeeSin,Azir,2015,Spring,red,Jungle,Middle,2,1
3,Nunu,Lulu,2015,Spring,red,Jungle,Middle,4,2
4,RekSai,Lulu,2015,Spring,red,Jungle,Middle,6,3
5,JarvanIV,Lulu,2015,Spring,red,Jungle,Middle,6,3
6,LeeSin,Leblanc,2015,Spring,red,Jungle,Middle,13,5
7,Rengar,Leblanc,2015,Spring,red,Jungle,Middle,5,3
8,Vi,Zed,2015,Spring,red,Jungle,Middle,7,4
9,LeeSin,Xerath,2015,Spring,red,Jungle,Middle,10,4
10,RekSai,Ahri,2015,Spring,red,Jungle,Middle,17,5
11,JarvanIV,Ahri,2015,Spring,red,Jungle,Middle,23,14
12,JarvanIV,Cassiopeia,2015,Spring,red,Jungle,Middle,10,7
13,Rengar,Morgana,2015,Spring,red,Jungle,Middle,1,0
14,RekSai,Leblanc,2015,Spring,red,Jungle,Middle,9,3
15,LeeSin,Zed,2015,Spring,red,Jungle,Middle,6,5
16,Nunu,Ahri,2015,Spring,red,Jungle,Middle,5,3
17,JarvanIV,Orianna,2015,Spring,red,Jungle,Middle,10,4
18,JarvanIV,Corki,2015,Spring,red,Jungle,Middle,3,1
19,LeeSin,Ahri,2015,Spring,red,Jungle,Middle,18,5
20,Vi,Nidalee,2015,Spring,red,Jungle,Middle,1,1
21,JarvanIV,Xerath,2015,Spring,red,Jungle,Middle,14,6
22,Vi,Azir,2015,Spring,red,Jungle,Middle,2,0
23,LeeSin,Lulu,2015,Spring,red,Jungle,Middle,5,0
24,LeeSin,Yasuo,2015,Spring,red,Jungle,Middle,3,0
25,JarvanIV,Nidalee,2015,Spring,red,Jungle,Middle,1,1
26,RekSai,Ezreal,2015,Spring,red,Jungle,Middle,6,1
27,Nidalee,Zed,2015,Spring,red,Jungle,Middle,3,3
28,Vi,Kassadin,2015,Spring,red,Jungle,Middle,2,0
29,Vi,Orianna,2015,Spring,red,Jungle,Middle,2,1
30,Vi,Leblanc,2015,Spring,red,Jungle,Middle,7,5
31,Nunu,Kassadin,2015,Spring,red,Jungle,Middle,3,2
32,Vi,Ahri,2015,Spring,red,Jungle,Middle,8,5
33,RekSai,Zed,2015,Spring,red,Jungle,Middle,7,4
34,JarvanIV,Kassadin,2015,Spring,red,Jungle,Middle,4,1
35,JarvanIV,Leblanc,2015,Spring,red,Jungle,Middle,13,5
36,Nunu,Zed,2015,Spring,red,Jungle,Middle,2,0
37,JarvanIV,Ezreal,2015,Spring,red,Jungle,Middle,8,2
38,Nidalee,Viktor,2015,Spring,red,Jungle,Middle,1,0
39,Vi,Ezreal,2015,Spring,red,Jungle,Middle,1,0
40,RekSai,Kassadin,2015,Spring,red,Jungle,Middle,8,4
41,Rengar,Ezreal,2015,Spring,red,Jungle,Middle,2,0
42,FiddleSticks,Ahri,2015,Spring,red,Jungle,Middle,1,0
43,RekSai,Orianna,2015,Spring,red,Jungle,Middle,7,2
44,Vi,Karthus,2015,Spring,red,Jungle,Middle,1,1
45,JarvanIV,Viktor,2015,Spring,red,Jungle,Middle,4,3
46,Nidalee,Yasuo,2015,Spring,red,Jungle,Middle,1,1
47,Vi,Lissandra,2015,Spring,red,Jungle,Middle,3,1
48,Nunu,Urgot,2015,Spring,red,Jungle,Middle,1,1
49,Zac,Leblanc,2015,Spring,red,Jungle,Middle,1,0
50,Sejuani,Fizz,2015,Spring,red,Jungle,Middle,1,1
51,Nunu,Corki,2015,Spring,red,Jungle,Middle,2,1
52,Sejuani,Zed,2015,Spring,red,Jungle,Middle,3,3
53,Sejuani,Corki,2015,Spring,red,Jungle,Middle,1,1
54,RekSai,Vladimir,2015,Spring,red,Jungle,Middle,2,0
55,Nidalee,Urgot,2015,Spring,red,Jungle,Middle,1,1
56,Zac,Katarina,2015,Spring,red,Jungle,Middle,1,1
57,Gragas,Urgot,2015,Spring,red,Jungle,Middle,2,1
58,RekSai,Chogath,2015,Spring,red,Jungle,Middle,5,1
59,Sejuani,Lissandra,2015,Spring,red,Jungle,Middle,3,2
60,RekSai,Lissandra,2015,Spring,red,Jungle,Middle,6,3
61,Vi,Corki,2015,Spring,red,Jungle,Middle,1,1
62,Sejuani,Urgot,2015,Spring,red,Jungle,Middle,2,2
63,Sejuani,Karthus,2015,Spring,red,Jungle,Middle,1,0
64,Sejuani,Vladimir,2015,Spring,red,Jungle,Middle,3,3
65,Vi,Vladimir,2015,Spring,red,Jungle,Middle,1,0
66,Gragas,Corki,2015,Spring,red,Jungle,Middle,1,1
67,Sejuani,Lulu,2015,Spring,red,Jungle,Middle,5,1
68,Nunu,Orianna,2015,Spring,red,Jungle,Middle,3,1
69,Gragas,Ahri,2015,Spring,red,Jungle,Middle,3,2
70,Gragas,Leblanc,2015,Spring,red,Jungle,Middle,4,1
71,RekSai,Yasuo,2015,Spring,red,Jungle,Middle,1,0
72,Gragas,Kassadin,2015,Spring,red,Jungle,Middle,3,2
73,Nunu,Leblanc,2015,Spring,red,Jungle,Middle,3,2
74,Sejuani,KogMaw,2015,Spring,red,Jungle,Middle,1,1
75,Gragas,Lulu,2015,Spring,red,Jungle,Middle,1,0
76,Vi,Chogath,2015,Spring,red,Jungle,Middle,1,1
77,Rengar,Xerath,2015,Spring,red,Jungle,Middle,5,4
78,Olaf,Ahri,2015,Spring,red,Jungle,Middle,4,1
79,Elise,Kassadin,2015,Spring,red,Jungle,Middle,1,0
80,JarvanIV,Syndra,2015,Spring,red,Jungle,Middle,5,1
81,Hecarim,Xerath,2015,Spring,red,Jungle,Middle,1,0
82,JarvanIV,Fizz,2015,Spring,red,Jungle,Middle,2,1
83,Rengar,Lulu,2015,Spring,red,Jungle,Middle,3,1
84,Aatrox,Kassadin,2015,Spring,red,Jungle,Middle,1,1
85,Rengar,Kassadin,2015,Spring,red,Jungle,Middle,2,1
86,Elise,Leblanc,2015,Spring,red,Jungle,Middle,4,2
87,Olaf,Zed,2015,Spring,red,Jungle,Middle,3,3
88,Rengar,Zed,2015,Spring,red,Jungle,Middle,1,0
89,Nidalee,Ahri,2015,Spring,red,Jungle,Middle,3,3
90,Rengar,Lissandra,2015,Spring,red,Jungle,Middle,2,2
91,JarvanIV,Zed,2015,Spring,red,Jungle,Middle,6,4
92,RekSai,Xerath,2015,Spring,red,Jungle,Middle,7,3
93,LeeSin,Lissandra,2015,Spring,red,Jungle,Middle,7,2
94,JarvanIV,Anivia,2015,Spring,red,Jungle,Middle,1,0
95,Rengar,Orianna,2015,Spring,red,Jungle,Middle,2,1
96,Nidalee,KogMaw,2015,Spring,red,Jungle,Middle,1,1
97,Nidalee,Ezreal,2015,Spring,red,Jungle,Middle,4,3
98,RekSai,Jayce,2015,Spring,red,Jungle,Middle,1,0
99,JarvanIV,Morgana,2015,Spring,red,Jungle,Middle,1,0
100,LeeSin,Orianna,2015,Spring,red,Jungle,Middle,5,1
101,LeeSin,Ezreal,2015,Spring,red,Jungle,Middle,3,2
102,Evelynn,Lulu,2015,Spring,red,Jungle,Middle,1,0
103,Nidalee,Orianna,2015,Spring,red,Jungle,Middle,1,0
104,Sion,Ahri,2015,Spring,red,Jungle,Middle,1,1
105,RekSai,Viktor,2015,Spring,red,Jungle,Middle,3,1
106,JarvanIV,Lissandra,2015,Spring,red,Jungle,Middle,12,4
107,Olaf,Viktor,2015,Spring,red,Jungle,Middle,1,1
108,Zac,Lissandra,2015,Spring,red,Jungle,Middle,1,1
109,Nunu,Syndra,2015,Spring,red,Jungle,Middle,3,1
110,Sejuani,Leblanc,2015,Spring,red,Jungle,Middle,2,1
111,Fizz,Ahri,2015,Spring,red,Jungle,Middle,1,0
112,Sejuani,TwistedFate,2015,Spring,red,Jungle,Middle,3,2
113,Gragas,Katarina,2015,Spring,red,Jungle,Middle,1,0
114,Sejuani,Diana,2015,Spring,red,Jungle,Middle,2,1
115,LeeSin,Katarina,2015,Spring,red,Jungle,Middle,1,1
116,Nidalee,Leblanc,2015,Spring,red,Jungle,Middle,1,0
117,Gragas,Orianna,2015,Spring,red,Jungle,Middle,1,0
118,Gragas,Diana,2015,Spring,red,Jungle,Middle,3,2
119,Nautilus,KogMaw,2015,Spring,red,Jungle,Middle,1,0
120,Gragas,Zed,2015,Spring,red,Jungle,Middle,2,0
121,Gragas,KogMaw,2015,Spring,red,Jungle,Middle,1,1
122,Gragas,Chogath,2015,Spring,red,Jungle,Middle,2,1
123,Udyr,KogMaw,2015,Spring,red,Jungle,Middle,1,0
124,Gnar,Orianna,2015,Spring,red,Jungle,Middle,1,1
125,LeeSin,Kassadin,2015,Spring,red,Jungle,Middle,7,3
126,Gragas,Varus,2015,Spring,red,Jungle,Middle,1,1
127,RekSai,TwistedFate,2015,Spring,red,Jungle,Middle,3,2
128,Udyr,Syndra,2015,Spring,red,Jungle,Middle,1,0
129,Sejuani,Orianna,2015,Spring,red,Jungle,Middle,4,0
130,Gragas,Ziggs,2015,Spring,red,Jungle,Middle,3,1
131,Sejuani,Cassiopeia,2015,Spring,red,Jungle,Middle,5,2
132,Gragas,Vladimir,2015,Spring,red,Jungle,Middle,2,1
133,Gragas,Azir,2015,Spring,red,Jungle,Middle,3,1
134,JarvanIV,Jayce,2015,Spring,red,Jungle,Middle,6,2
135,Elise,Xerath,2015,Spring,red,Jungle,Middle,2,0
136,Pantheon,Lissandra,2015,Spring,red,Jungle,Middle,2,1
137,LeeSin,Fizz,2015,Spring,red,Jungle,Middle,2,2
138,LeeSin,Jayce,2015,Spring,red,Jungle,Middle,5,1
139,LeeSin,Cassiopeia,2015,Spring,red,Jungle,Middle,1,0
140,LeeSin,Morgana,2015,Spring,red,Jungle,Middle,1,0
141,RekSai,Azir,2015,Spring,red,Jungle,Middle,4,4
142,JarvanIV,Lux,2015,Spring,red,Jungle,Middle,1,0
143,Nidalee,Lulu,2015,Spring,red,Jungle,Middle,2,0
144,Nidalee,Kassadin,2015,Spring,red,Jungle,Middle,1,0
145,JarvanIV,Karthus,2015,Spring,red,Jungle,Middle,3,2
146,Rengar,Viktor,2015,Spring,red,Jungle,Middle,1,1
147,LeeSin,Viktor,2015,Spring,red,Jungle,Middle,3,1
148,Nunu,Ezreal,2015,Spring,red,Jungle,Middle,2,0
149,Nidalee,TwistedFate,2015,Spring,red,Jungle,Middle,3,1
150,LeeSin,TwistedFate,2015,Spring,red,Jungle,Middle,1,0
151,JarvanIV,Diana,2015,Spring,red,Jungle,Middle,2,0
152,JarvanIV,Sion,2015,Spring,red,Jungle,Middle,1,1
153,Vi,Morgana,2015,Spring,red,Jungle,Middle,1,0
154,DrMundo,Lissandra,2015,Spring,red,Jungle,Middle,1,1
155,Sejuani,Azir,2015,Spring,red,Jungle,Middle,2,0
156,Nautilus,Urgot,2015,Spring,red,Jungle,Middle,1,0
157,Sejuani,Xerath,2015,Spring,red,Jungle,Middle,2,0
158,Nunu,Fizz,2015,Spring,red,Jungle,Middle,1,0
159,RekSai,Kennen,2015,Spring,red,Jungle,Middle,1,1
160,Nunu,Malzahar,2015,Spring,red,Jungle,Middle,1,1
161,Nunu,Azir,2015,Spring,red,Jungle,Middle,2,1
162,LeeSin,Mordekaiser,2015,Spring,red,Jungle,Middle,1,0
163,Nidalee,Lissandra,2015,Spring,red,Jungle,Middle,2,2
164,Khazix,Ahri,2015,Spring,red,Jungle,Middle,7,2
165,Rengar,Ryze,2015,Spring,red,Jungle,Middle,1,0
166,LeeSin,Chogath,2015,Spring,red,Jungle,Middle,2,1
167,Olaf,Xerath,2015,Spring,red,Jungle,Middle,1,1
168,JarvanIV,Talon,2015,Spring,red,Jungle,Middle,1,0
169,RekSai,Talon,2015,Spring,red,Jungle,Middle,1,0
170,Nidalee,Ziggs,2015,Spring,red,Jungle,Middle,1,0
171,LeeSin,Syndra,2015,Spring,red,Jungle,Middle,1,0
172,RekSai,Diana,2015,Spring,red,Jungle,Middle,1,0
173,RekSai,Cassiopeia,2015,Spring,red,Jungle,Middle,2,0
174,Gragas,Fizz,2015,Spring,red,Jungle,Middle,1,1
175,Khazix,Zed,2015,Spring,red,Jungle,Middle,5,3
176,Sejuani,Ahri,2015,Spring,red,Jungle,Middle,2,1
177,Khazix,Lissandra,2015,Spring,red,Jungle,Middle,2,0
178,Rengar,Ahri,2015,Spring,red,Jungle,Middle,3,2
179,MonkeyKing,Lissandra,2015,Spring,red,Jungle,Middle,1,0
180,JarvanIV,TwistedFate,2015,Spring,red,Jungle,Middle,2,1
181,RekSai,Nidalee,2015,Spring,red,Jungle,Middle,1,1
182,Rengar,Nidalee,2015,Spring,red,Jungle,Middle,1,1
183,RekSai,Syndra,2015,Spring,red,Jungle,Middle,1,1
184,Warwick,Leblanc,2015,Spring,red,Jungle,Middle,1,0
185,Pantheon,Ahri,2015,Spring,red,Jungle,Middle,4,3
186,RekSai,Katarina,2015,Spring,red,Jungle,Middle,1,0
187,Gragas,Yasuo,2015,Spring,red,Jungle,Middle,3,3
188,Zac,Cassiopeia,2015,Spring,red,Jungle,Middle,1,0
189,Nocturne,Katarina,2015,Spring,red,Jungle,Middle,1,0
190,Zac,Ahri,2015,Spring,red,Jungle,Middle,1,0
191,Gragas,Xerath,2015,Spring,red,Jungle,Middle,1,0
192,Maokai,Diana,2015,Spring,red,Jungle,Middle,1,1
193,Sejuani,Ziggs,2015,Spring,red,Jungle,Middle,1,1
194,RekSai,Fizz,2015,Spring,red,Jungle,Middle,3,2
195,Sejuani,Kassadin,2015,Spring,red,Jungle,Middle,1,1
196,Evelynn,Morgana,2015,Spring,red,Jungle,Middle,1,1
197,JarvanIV,Kennen,2015,Spring,red,Jungle,Middle,1,0
198,Nidalee,Diana,2015,Spring,red,Jungle,Middle,1,0
199,Khazix,Orianna,2015,Spring,red,Jungle,Middle,6,3
200,LeeSin,Zilean,2015,Spring,red,Jungle,Middle,1,0
201,Khazix,Xerath,2015,Spring,red,Jungle,Middle,2,1
202,Elise,Orianna,2015,Spring,red,Jungle,Middle,3,2
203,LeeSin,Hecarim,2015,Spring,red,Jungle,Middle,1,0
204,Khazix,Syndra,2015,Spring,red,Jungle,Middle,2,2
205,LeeSin,Ziggs,2015,Spring,red,Jungle,Middle,1,0
206,Rengar,TwistedFate,2015,Spring,red,Jungle,Middle,1,1
207,JarvanIV,Hecarim,2015,Spring,red,Jungle,Middle,2,2
208,LeeSin,Karthus,2015,Spring,red,Jungle,Middle,1,0
209,Pantheon,Orianna,2015,Spring,red,Jungle,Middle,2,0
210,LeeSin,Karma,2015,Spring,red,Jungle,Middle,1,1
211,Khazix,Jayce,2015,Spring,red,Jungle,Middle,1,1
212,Pantheon,Syndra,2015,Spring,red,Jungle,Middle,1,0
213,Pantheon,Kassadin,2015,Spring,red,Jungle,Middle,1,1
214,Pantheon,Zed,2015,Spring,red,Jungle,Middle,1,1
215,JarvanIV,Ziggs,2015,Spring,red,Jungle,Middle,1,1
216,Warwick,Ezreal,2015,Spring,red,Jungle,Middle,1,0
217,Elise,Ezreal,2015,Spring,red,Jungle,Middle,1,0
218,Elise,Ahri,2015,Spring,red,Jungle,Middle,3,1
219,Fizz,Orianna,2015,Spring,red,Jungle,Middle,1,1
220,Fizz,Talon,2015,Spring,red,Jungle,Middle,1,0
221,Elise,Talon,2015,Spring,red,Jungle,Middle,2,1
222,Hecarim,Ahri,2015,Spring,red,Jungle,Middle,1,0
223,Elise,TwistedFate,2015,Spring,red,Jungle,Middle,1,0
224,Khazix,Katarina,2015,Spring,red,Jungle,Middle,1,1
225,Maokai,Zed,2015,Spring,red,Jungle,Middle,1,1
226,Khazix,Zilean,2015,Spring,red,Jungle,Middle,1,1
227,Rammus,Ahri,2015,Spring,red,Jungle,Middle,1,0
228,Lulu,Lissandra,2015,Spring,red,Jungle,Middle,1,0
229,Pantheon,Azir,2015,Spring,red,Jungle,Middle,2,1
230,Pantheon,Fizz,2015,Spring,red,Jungle,Middle,1,0
231,Nocturne,Syndra,2015,Spring,red,Jungle,Middle,1,1
0,Elise,Thresh,2015,Spring,red,Jungle,Support,5,2
1,JarvanIV,Annie,2015,Spring,red,Jungle,Support,15,7
2,LeeSin,Janna,2015,Spring,red,Jungle,Support,25,9
3,Nunu,Janna,2015,Spring,red,Jungle,Support,10,5
4,RekSai,Annie,2015,Spring,red,Jungle,Support,15,2
5,JarvanIV,Thresh,2015,Spring,red,Jungle,Support,34,19
6,LeeSin,Nami,2015,Spring,red,Jungle,Support,14,7
7,Rengar,Blitzcrank,2015,Spring,red,Jungle,Support,1,0
8,Vi,Morgana,2015,Spring,red,Jungle,Support,5,3
9,Rengar,Morgana,2015,Spring,red,Jungle,Support,2,1
10,RekSai,Thresh,2015,Spring,red,Jungle,Support,25,10
11,JarvanIV,Leona,2015,Spring,red,Jungle,Support,17,5
12,JarvanIV,Blitzcrank,2015,Spring,red,Jungle,Support,3,2
13,Rengar,Janna,2015,Spring,red,Jungle,Support,7,4
14,RekSai,Janna,2015,Spring,red,Jungle,Support,19,7
15,JarvanIV,Janna,2015,Spring,red,Jungle,Support,32,15
16,LeeSin,Annie,2015,Spring,red,Jungle,Support,18,8
17,LeeSin,Morgana,2015,Spring,red,Jungle,Support,4,1
18,JarvanIV,Morgana,2015,Spring,red,Jungle,Support,11,8
19,Vi,Janna,2015,Spring,red,Jungle,Support,6,2
20,RekSai,Leona,2015,Spring,red,Jungle,Support,11,4
21,Nidalee,Janna,2015,Spring,red,Jungle,Support,6,3
22,Vi,Annie,2015,Spring,red,Jungle,Support,6,4
23,Nunu,Morgana,2015,Spring,red,Jungle,Support,2,1
24,LeeSin,Thresh,2015,Spring,red,Jungle,Support,26,5
25,Vi,Braum,2015,Spring,red,Jungle,Support,2,1
26,RekSai,Blitzcrank,2015,Spring,red,Jungle,Support,2,1
27,Nunu,Braum,2015,Spring,red,Jungle,Support,1,0
28,RekSai,Braum,2015,Spring,red,Jungle,Support,2,2
29,Nidalee,Morgana,2015,Spring,red,Jungle,Support,3,1
30,Rengar,Annie,2015,Spring,red,Jungle,Support,8,5
31,FiddleSticks,Annie,2015,Spring,red,Jungle,Support,1,0
32,LeeSin,Leona,2015,Spring,red,Jungle,Support,2,0
33,Vi,Leona,2015,Spring,red,Jungle,Support,5,3
34,Vi,Nautilus,2015,Spring,red,Jungle,Support,1,1
35,Nunu,Thresh,2015,Spring,red,Jungle,Support,5,3
36,Zac,Janna,2015,Spring,red,Jungle,Support,1,0
37,Sejuani,Morgana,2015,Spring,red,Jungle,Support,3,2
38,Nunu,Nautilus,2015,Spring,red,Jungle,Support,5,3
39,Sejuani,Nautilus,2015,Spring,red,Jungle,Support,6,1
40,Sejuani,Lulu,2015,Spring,red,Jungle,Support,1,1
41,Zac,Annie,2015,Spring,red,Jungle,Support,3,2
42,Gragas,Janna,2015,Spring,red,Jungle,Support,10,2
43,Sejuani,Annie,2015,Spring,red,Jungle,Support,3,2
44,RekSai,Morgana,2015,Spring,red,Jungle,Support,9,5
45,Sejuani,Janna,2015,Spring,red,Jungle,Support,7,4
46,Vi,Alistar,2015,Spring,red,Jungle,Support,1,0
47,Sejuani,Alistar,2015,Spring,red,Jungle,Support,3,1
48,RekSai,Alistar,2015,Spring,red,Jungle,Support,4,2
49,Gragas,Braum,2015,Spring,red,Jungle,Support,3,2
50,Gragas,Thresh,2015,Spring,red,Jungle,Support,7,4
51,Gragas,Nautilus,2015,Spring,red,Jungle,Support,7,5
52,RekSai,Nautilus,2015,Spring,red,Jungle,Support,7,5
53,Sejuani,Braum,2015,Spring,red,Jungle,Support,2,1
54,Sejuani,Kennen,2015,Spring,red,Jungle,Support,2,2
55,Vi,Kennen,2015,Spring,red,Jungle,Support,1,1
56,Olaf,Nami,2015,Spring,red,Jungle,Support,3,1
57,Elise,Janna,2015,Spring,red,Jungle,Support,4,1
58,JarvanIV,Lulu,2015,Spring,red,Jungle,Support,7,2
59,Hecarim,Braum,2015,Spring,red,Jungle,Support,1,0
60,Rengar,Leona,2015,Spring,red,Jungle,Support,3,1
61,Aatrox,Blitzcrank,2015,Spring,red,Jungle,Support,1,1
62,Rengar,Thresh,2015,Spring,red,Jungle,Support,2,1
63,Olaf,Leona,2015,Spring,red,Jungle,Support,1,1
64,Elise,Annie,2015,Spring,red,Jungle,Support,1,1
65,Nidalee,Annie,2015,Spring,red,Jungle,Support,4,3
66,Nidalee,Leona,2015,Spring,red,Jungle,Support,3,3
67,Rengar,Braum,2015,Spring,red,Jungle,Support,1,1
68,RekSai,Lulu,2015,Spring,red,Jungle,Support,2,1
69,JarvanIV,Braum,2015,Spring,red,Jungle,Support,4,2
70,Rengar,Lulu,2015,Spring,red,Jungle,Support,1,1
71,Nunu,Alistar,2015,Spring,red,Jungle,Support,2,1
72,Vi,Zilean,2015,Spring,red,Jungle,Support,1,0
73,Evelynn,Thresh,2015,Spring,red,Jungle,Support,1,0
74,Rengar,Alistar,2015,Spring,red,Jungle,Support,1,0
75,Rengar,Nami,2015,Spring,red,Jungle,Support,3,3
76,Sion,Annie,2015,Spring,red,Jungle,Support,1,1
77,Nunu,Annie,2015,Spring,red,Jungle,Support,3,2
78,Fizz,Annie,2015,Spring,red,Jungle,Support,1,0
79,Nidalee,Thresh,2015,Spring,red,Jungle,Support,5,2
80,Sejuani,Thresh,2015,Spring,red,Jungle,Support,14,8
81,Nunu,Leona,2015,Spring,red,Jungle,Support,3,0
82,Vi,Thresh,2015,Spring,red,Jungle,Support,8,5
83,Sejuani,Leona,2015,Spring,red,Jungle,Support,2,1
84,Gragas,Nami,2015,Spring,red,Jungle,Support,2,0
85,Gragas,Lulu,2015,Spring,red,Jungle,Support,1,1
86,Nautilus,Morgana,2015,Spring,red,Jungle,Support,1,0
87,RekSai,Nami,2015,Spring,red,Jungle,Support,6,1
88,Nidalee,Nautilus,2015,Spring,red,Jungle,Support,2,1
89,Gragas,Annie,2015,Spring,red,Jungle,Support,1,1
90,Gragas,Morgana,2015,Spring,red,Jungle,Support,2,1
91,Udyr,Thresh,2015,Spring,red,Jungle,Support,2,0
92,Gnar,Annie,2015,Spring,red,Jungle,Support,1,1
93,JarvanIV,Nami,2015,Spring,red,Jungle,Support,15,6
94,Elise,Leona,2015,Spring,red,Jungle,Support,1,0
95,Pantheon,Nami,2015,Spring,red,Jungle,Support,2,1
96,LeeSin,Syndra,2015,Spring,red,Jungle,Support,1,1
97,JarvanIV,Sejuani,2015,Spring,red,Jungle,Support,1,0
98,LeeSin,Lulu,2015,Spring,red,Jungle,Support,5,2
99,RekSai,Veigar,2015,Spring,red,Jungle,Support,1,1
100,Nidalee,Alistar,2015,Spring,red,Jungle,Support,1,0
101,JarvanIV,Maokai,2015,Spring,red,Jungle,Support,1,0
102,Vi,Kayle,2015,Spring,red,Jungle,Support,1,0
103,DrMundo,Lulu,2015,Spring,red,Jungle,Support,1,1
104,Nautilus,Janna,2015,Spring,red,Jungle,Support,1,0
105,JarvanIV,Nautilus,2015,Spring,red,Jungle,Support,2,2
106,LeeSin,Irelia,2015,Spring,red,Jungle,Support,1,0
107,Nunu,Nami,2015,Spring,red,Jungle,Support,1,0
108,LeeSin,Braum,2015,Spring,red,Jungle,Support,2,1
109,LeeSin,Blitzcrank,2015,Spring,red,Jungle,Support,1,1
110,Khazix,Annie,2015,Spring,red,Jungle,Support,1,0
111,JarvanIV,Veigar,2015,Spring,red,Jungle,Support,2,0
112,Rengar,Veigar,2015,Spring,red,Jungle,Support,1,0
113,Olaf,Annie,2015,Spring,red,Jungle,Support,2,1
114,Vi,Kalista,2015,Spring,red,Jungle,Support,1,0
115,Khazix,Janna,2015,Spring,red,Jungle,Support,8,3
116,Khazix,Thresh,2015,Spring,red,Jungle,Support,6,3
117,Olaf,Janna,2015,Spring,red,Jungle,Support,3,3
118,MonkeyKing,Nami,2015,Spring,red,Jungle,Support,1,0
119,Warwick,Thresh,2015,Spring,red,Jungle,Support,2,0
120,Pantheon,Janna,2015,Spring,red,Jungle,Support,2,1
121,Pantheon,Lulu,2015,Spring,red,Jungle,Support,1,0
122,Pantheon,Thresh,2015,Spring,red,Jungle,Support,9,5
123,Gragas,Leona,2015,Spring,red,Jungle,Support,2,1
124,Zac,Thresh,2015,Spring,red,Jungle,Support,1,0
125,Nocturne,Nami,2015,Spring,red,Jungle,Support,1,0
126,Maokai,Thresh,2015,Spring,red,Jungle,Support,1,1
127,Sejuani,Bard,2015,Spring,red,Jungle,Support,1,0
128,Gragas,Alistar,2015,Spring,red,Jungle,Support,2,1
129,Evelynn,Alistar,2015,Spring,red,Jungle,Support,1,1
130,Nidalee,Nami,2015,Spring,red,Jungle,Support,2,2
131,LeeSin,Zilean,2015,Spring,red,Jungle,Support,1,0
132,Khazix,Braum,2015,Spring,red,Jungle,Support,2,2
133,Khazix,Nami,2015,Spring,red,Jungle,Support,7,3
134,Khazix,Morgana,2015,Spring,red,Jungle,Support,1,1
135,LeeSin,Alistar,2015,Spring,red,Jungle,Support,2,0
136,JarvanIV,Soraka,2015,Spring,red,Jungle,Support,2,0
137,Elise,Nami,2015,Spring,red,Jungle,Support,3,1
138,Elise,Alistar,2015,Spring,red,Jungle,Support,2,1
139,Elise,Morgana,2015,Spring,red,Jungle,Support,1,0
140,Gragas,Zilean,2015,Spring,red,Jungle,Support,1,1
141,Fizz,Thresh,2015,Spring,red,Jungle,Support,1,1
142,Fizz,Braum,2015,Spring,red,Jungle,Support,1,0
143,Hecarim,Nami,2015,Spring,red,Jungle,Support,1,0
144,Khazix,Alistar,2015,Spring,red,Jungle,Support,1,1
145,Khazix,Sona,2015,Spring,red,Jungle,Support,1,1
146,JarvanIV,Sona,2015,Spring,red,Jungle,Support,2,1
147,Maokai,Nami,2015,Spring,red,Jungle,Support,1,1
148,Rammus,Nami,2015,Spring,red,Jungle,Support,1,0
149,Lulu,Alistar,2015,Spring,red,Jungle,Support,1,0
150,Elise,Sona,2015,Spring,red,Jungle,Support,1,0
151,Nocturne,Thresh,2015,Spring,red,Jungle,Support,1,1
0,Sivir,Thresh,2015,Spring,red,ADC,Support,29,16
1,Corki,Annie,2015,Spring,red,ADC,Support,21,6
2,Corki,Janna,2015,Spring,red,ADC,Support,25,10
3,KogMaw,Janna,2015,Spring,red,ADC,Support,8,4
4,Corki,Thresh,2015,Spring,red,ADC,Support,27,12
5,Tristana,Nami,2015,Spring,red,ADC,Support,6,2
6,Sivir,Blitzcrank,2015,Spring,red,ADC,Support,2,0
7,Corki,Morgana,2015,Spring,red,ADC,Support,9,6
8,Graves,Morgana,2015,Spring,red,ADC,Support,6,1
9,Ezreal,Janna,2015,Spring,red,ADC,Support,4,0
10,Sivir,Leona,2015,Spring,red,ADC,Support,14,5
11,Kalista,Blitzcrank,2015,Spring,red,ADC,Support,2,2
12,Tristana,Janna,2015,Spring,red,ADC,Support,8,1
13,Sivir,Janna,2015,Spring,red,ADC,Support,17,8
14,Caitlyn,Janna,2015,Spring,red,ADC,Support,6,2
15,Graves,Janna,2015,Spring,red,ADC,Support,19,8
16,Kalista,Thresh,2015,Spring,red,ADC,Support,20,10
17,Graves,Annie,2015,Spring,red,ADC,Support,17,10
18,Sivir,Morgana,2015,Spring,red,ADC,Support,13,8
19,Jinx,Morgana,2015,Spring,red,ADC,Support,5,3
20,Lucian,Janna,2015,Spring,red,ADC,Support,23,12
21,Kalista,Annie,2015,Spring,red,ADC,Support,12,4
22,Kalista,Janna,2015,Spring,red,ADC,Support,8,7
23,Graves,Leona,2015,Spring,red,ADC,Support,8,5
24,Graves,Thresh,2015,Spring,red,ADC,Support,15,5
25,Sivir,Annie,2015,Spring,red,ADC,Support,16,12
26,Tristana,Braum,2015,Spring,red,ADC,Support,2,1
27,Jinx,Janna,2015,Spring,red,ADC,Support,13,4
28,Corki,Braum,2015,Spring,red,ADC,Support,7,4
29,Ezreal,Annie,2015,Spring,red,ADC,Support,5,1
30,Corki,Leona,2015,Spring,red,ADC,Support,14,5
31,Jinx,Thresh,2015,Spring,red,ADC,Support,16,9
32,Lucian,Nautilus,2015,Spring,red,ADC,Support,7,3
33,Twitch,Janna,2015,Spring,red,ADC,Support,2,0
34,Vayne,Janna,2015,Spring,red,ADC,Support,5,2
35,Sivir,Lulu,2015,Spring,red,ADC,Support,2,1
36,Lucian,Annie,2015,Spring,red,ADC,Support,5,4
37,Varus,Janna,2015,Spring,red,ADC,Support,1,0
38,Vayne,Alistar,2015,Spring,red,ADC,Support,1,0
39,Graves,Alistar,2015,Spring,red,ADC,Support,3,2
40,Lucian,Braum,2015,Spring,red,ADC,Support,4,3
41,Lucian,Alistar,2015,Spring,red,ADC,Support,4,0
42,Sivir,Nautilus,2015,Spring,red,ADC,Support,10,7
43,Lucian,Thresh,2015,Spring,red,ADC,Support,19,9
44,Corki,Nautilus,2015,Spring,red,ADC,Support,4,4
45,Vayne,Nautilus,2015,Spring,red,ADC,Support,1,0
46,Sivir,Braum,2015,Spring,red,ADC,Support,3,2
47,Kalista,Kennen,2015,Spring,red,ADC,Support,2,2
48,Sivir,Nami,2015,Spring,red,ADC,Support,2,0
49,Graves,Lulu,2015,Spring,red,ADC,Support,6,1
50,Kalista,Braum,2015,Spring,red,ADC,Support,1,0
51,Graves,Blitzcrank,2015,Spring,red,ADC,Support,1,1
52,Jinx,Annie,2015,Spring,red,ADC,Support,2,1
53,Tristana,Thresh,2015,Spring,red,ADC,Support,12,3
54,Caitlyn,Annie,2015,Spring,red,ADC,Support,4,1
55,Graves,Braum,2015,Spring,red,ADC,Support,1,1
56,Lucian,Lulu,2015,Spring,red,ADC,Support,4,3
57,Lucian,Morgana,2015,Spring,red,ADC,Support,5,2
58,Draven,Braum,2015,Spring,red,ADC,Support,1,1
59,KogMaw,Thresh,2015,Spring,red,ADC,Support,4,0
60,Caitlyn,Morgana,2015,Spring,red,ADC,Support,2,1
61,Draven,Lulu,2015,Spring,red,ADC,Support,1,1
62,Kalista,Morgana,2015,Spring,red,ADC,Support,1,1
63,Kalista,Alistar,2015,Spring,red,ADC,Support,1,1
64,Lucian,Leona,2015,Spring,red,ADC,Support,3,0
65,Sivir,Alistar,2015,Spring,red,ADC,Support,5,2
66,Draven,Zilean,2015,Spring,red,ADC,Support,1,0
67,Corki,Alistar,2015,Spring,red,ADC,Support,4,0
68,Graves,Nami,2015,Spring,red,ADC,Support,3,1
69,KogMaw,Nami,2015,Spring,red,ADC,Support,9,4
70,Graves,Nautilus,2015,Spring,red,ADC,Support,2,0
71,Ezreal,Thresh,2015,Spring,red,ADC,Support,5,2
72,Jinx,Leona,2015,Spring,red,ADC,Support,3,1
73,Caitlyn,Nami,2015,Spring,red,ADC,Support,2,1
74,KogMaw,Lulu,2015,Spring,red,ADC,Support,1,1
75,Urgot,Janna,2015,Spring,red,ADC,Support,2,1
76,Kalista,Nami,2015,Spring,red,ADC,Support,5,3
77,Jinx,Nautilus,2015,Spring,red,ADC,Support,2,1
78,Lucian,Nami,2015,Spring,red,ADC,Support,10,6
79,Urgot,Nautilus,2015,Spring,red,ADC,Support,3,2
80,Urgot,Thresh,2015,Spring,red,ADC,Support,3,2
81,Sivir,Syndra,2015,Spring,red,ADC,Support,1,1
82,Tristana,Annie,2015,Spring,red,ADC,Support,1,0
83,Sivir,Sejuani,2015,Spring,red,ADC,Support,1,0
84,Corki,Nami,2015,Spring,red,ADC,Support,19,8
85,Corki,Lulu,2015,Spring,red,ADC,Support,4,1
86,Ezreal,Nami,2015,Spring,red,ADC,Support,2,0
87,Corki,Veigar,2015,Spring,red,ADC,Support,2,1
88,Ezreal,Leona,2015,Spring,red,ADC,Support,1,1
89,Sivir,Maokai,2015,Spring,red,ADC,Support,1,0
90,Sivir,Kayle,2015,Spring,red,ADC,Support,1,0
91,Urgot,Lulu,2015,Spring,red,ADC,Support,1,1
92,Urgot,Morgana,2015,Spring,red,ADC,Support,1,1
93,KogMaw,Morgana,2015,Spring,red,ADC,Support,2,1
94,Twitch,Thresh,2015,Spring,red,ADC,Support,2,1
95,Ezreal,Kennen,2015,Spring,red,ADC,Support,1,1
96,Corki,Blitzcrank,2015,Spring,red,ADC,Support,1,1
97,Kalista,Irelia,2015,Spring,red,ADC,Support,1,0
98,Ezreal,Nautilus,2015,Spring,red,ADC,Support,1,1
99,Ezreal,Braum,2015,Spring,red,ADC,Support,1,0
100,Kalista,Leona,2015,Spring,red,ADC,Support,3,2
101,Caitlyn,Leona,2015,Spring,red,ADC,Support,2,0
102,Draven,Annie,2015,Spring,red,ADC,Support,1,1
103,Graves,Veigar,2015,Spring,red,ADC,Support,1,0
104,Kalista,Veigar,2015,Spring,red,ADC,Support,1,0
105,Caitlyn,Thresh,2015,Spring,red,ADC,Support,3,1
106,Ezreal,Blitzcrank,2015,Spring,red,ADC,Support,2,1
107,Janna,Kalista,2015,Spring,red,ADC,Support,1,0
108,Urgot,Leona,2015,Spring,red,ADC,Support,1,0
109,Tristana,Leona,2015,Spring,red,ADC,Support,1,0
110,Jinx,Nami,2015,Spring,red,ADC,Support,2,0
111,Lucian,Bard,2015,Spring,red,ADC,Support,1,0
112,Ezreal,Alistar,2015,Spring,red,ADC,Support,3,3
113,Vayne,Nami,2015,Spring,red,ADC,Support,2,1
114,Lucian,Zilean,2015,Spring,red,ADC,Support,1,0
115,Jinx,Braum,2015,Spring,red,ADC,Support,1,0
116,Graves,Soraka,2015,Spring,red,ADC,Support,1,0
117,Draven,Nami,2015,Spring,red,ADC,Support,1,0
118,Lucian,Soraka,2015,Spring,red,ADC,Support,1,0
119,Corki,Zilean,2015,Spring,red,ADC,Support,1,1
120,Corki,Sona,2015,Spring,red,ADC,Support,3,2
121,Ezreal,Sona,2015,Spring,red,ADC,Support,1,0
